Date,Dividends,Company
08/18/1998,0.61,Chevron Corporation (CVX)
02/13/2002,0.7,Chevron Corporation (CVX)
05/05/1964,0.03125,Chevron Corporation (CVX)
08/03/1993,0.8752,Chevron Corporation (CVX)
08/04/1972,0.04531,Chevron Corporation (CVX)
08/17/2015,1.07,Chevron Corporation (CVX)
08/17/2011,0.78,Chevron Corporation (CVX)
02/04/1972,0.04531,Chevron Corporation (CVX)
11/18/1997,0.58,Chevron Corporation (CVX)
05/18/1999,0.61,Chevron Corporation (CVX)
11/14/2001,0.7,Chevron Corporation (CVX)
11/03/1992,0.8252,Chevron Corporation (CVX)
05/04/1973,0.04688,Chevron Corporation (CVX)
11/16/2015,1.07,Chevron Corporation (CVX)
08/15/2001,0.65,Chevron Corporation (CVX)
02/12/2003,0.7,Chevron Corporation (CVX)
05/07/1963,0.03125,Chevron Corporation (CVX)
05/16/1997,0.58,Chevron Corporation (CVX)
08/04/1992,0.8252,Chevron Corporation (CVX)
11/16/2011,0.81,Chevron Corporation (CVX)
05/15/2014,1.07,Chevron Corporation (CVX)
02/12/2015,1.07,Chevron Corporation (CVX)
05/15/2002,0.7,Chevron Corporation (CVX)
05/04/1993,0.8752,Chevron Corporation (CVX)
11/03/1972,0.04531,Chevron Corporation (CVX)
05/07/1962,0.02976,Chevron Corporation (CVX)
11/14/2012,0.9,Chevron Corporation (CVX)
05/15/2013,1,Chevron Corporation (CVX)
02/15/2012,0.81,Chevron Corporation (CVX)
05/15/2009,0.65,Chevron Corporation (CVX)
11/02/1973,0.02656,Chevron Corporation (CVX)
05/16/2012,0.9,Chevron Corporation (CVX)
08/15/2012,0.9,Chevron Corporation (CVX)
02/13/2013,0.9,Chevron Corporation (CVX)
11/14/2008,0.65,Chevron Corporation (CVX)
02/08/1971,0.04375,Chevron Corporation (CVX)
08/15/2008,0.65,Chevron Corporation (CVX)
11/01/1974,0.0625,Chevron Corporation (CVX)
02/18/1998,0.61,Chevron Corporation (CVX)
08/05/1964,0.03125,Chevron Corporation (CVX)
02/05/1964,0.03125,Chevron Corporation (CVX)
08/16/2019,1.19,Chevron Corporation (CVX)
02/14/2006,0.45,Chevron Corporation (CVX)
05/05/1969,0.04375,Chevron Corporation (CVX)
05/15/2003,0.7,Chevron Corporation (CVX)
02/12/2010,0.68,Chevron Corporation (CVX)
11/04/1971,0.04375,Chevron Corporation (CVX)
02/17/1999,0.61,Chevron Corporation (CVX)
02/16/2016,1.07,Chevron Corporation (CVX)
05/10/1976,0.06875,Chevron Corporation (CVX)
08/07/1963,0.03125,Chevron Corporation (CVX)
02/14/2020,1.29,Chevron Corporation (CVX)
08/17/2010,0.72,Chevron Corporation (CVX)
08/15/2014,1.07,Chevron Corporation (CVX)
05/18/1998,0.61,Chevron Corporation (CVX)
02/04/1994,0.9252,Chevron Corporation (CVX)
05/06/1968,0.04219,Chevron Corporation (CVX)
11/14/2002,0.7,Chevron Corporation (CVX)
05/04/1972,0.04531,Chevron Corporation (CVX)
02/16/2000,0.65,Chevron Corporation (CVX)
08/16/2000,0.65,Chevron Corporation (CVX)
02/04/1970,0.04375,Chevron Corporation (CVX)
02/05/1991,0.7752,Chevron Corporation (CVX)
08/06/1991,0.8252,Chevron Corporation (CVX)
11/05/1965,0.03906,Chevron Corporation (CVX)
02/14/2017,1.08,Chevron Corporation (CVX)
08/04/1987,0.6,Chevron Corporation (CVX)
11/03/1969,0.04375,Chevron Corporation (CVX)
08/17/2005,0.45,Chevron Corporation (CVX)
08/18/1999,0.61,Chevron Corporation (CVX)
02/14/2001,0.65,Chevron Corporation (CVX)
11/16/2017,1.08,Chevron Corporation (CVX)
02/04/1992,0.8252,Chevron Corporation (CVX)
11/04/1966,0.03906,Chevron Corporation (CVX)
11/07/1975,0.0625,Chevron Corporation (CVX)
11/16/2009,0.68,Chevron Corporation (CVX)
05/11/1995,0.4626,Chevron Corporation (CVX)
11/14/2013,1,Chevron Corporation (CVX)
02/02/1988,0.6,Chevron Corporation (CVX)
05/17/2004,0.73,Chevron Corporation (CVX)
05/06/1974,0.0625,Chevron Corporation (CVX)
01/31/1962,0.02976,Chevron Corporation (CVX)
05/15/2008,0.65,Chevron Corporation (CVX)
02/06/1968,0.04219,Chevron Corporation (CVX)
08/06/1968,0.04219,Chevron Corporation (CVX)
11/05/1984,0.6,Chevron Corporation (CVX)
05/06/1985,0.6,Chevron Corporation (CVX)
11/01/1988,0.65,Chevron Corporation (CVX)
05/02/1989,0.7,Chevron Corporation (CVX)
11/15/2018,1.12,Chevron Corporation (CVX)
05/16/2019,1.19,Chevron Corporation (CVX)
11/03/1967,0.03906,Chevron Corporation (CVX)
11/05/1976,0.06875,Chevron Corporation (CVX)
02/04/1985,0.6,Chevron Corporation (CVX)
08/05/1985,0.6,Chevron Corporation (CVX)
01/31/1989,0.7,Chevron Corporation (CVX)
08/01/1989,0.7,Chevron Corporation (CVX)
02/14/2019,1.19,Chevron Corporation (CVX)
02/06/1976,0.0625,Chevron Corporation (CVX)
05/05/1994,0.9252,Chevron Corporation (CVX)
11/16/2005,0.45,Chevron Corporation (CVX)
05/16/2007,0.58,Chevron Corporation (CVX)
08/04/1994,0.4626,Chevron Corporation (CVX)
02/04/1993,0.8752,Chevron Corporation (CVX)
08/15/2007,0.58,Chevron Corporation (CVX)
05/18/2020,1.29,Chevron Corporation (CVX)
02/04/1969,0.04375,Chevron Corporation (CVX)
08/04/1971,0.04375,Chevron Corporation (CVX)
05/03/1988,0.65,Chevron Corporation (CVX)
10/31/1989,0.7,Chevron Corporation (CVX)
05/17/2018,1.12,Chevron Corporation (CVX)
11/05/1964,0.03438,Chevron Corporation (CVX)
05/05/1967,0.03906,Chevron Corporation (CVX)
05/17/2010,0.72,Chevron Corporation (CVX)
08/06/1984,0.6,Chevron Corporation (CVX)
02/03/1986,0.6,Chevron Corporation (CVX)
08/02/1988,0.65,Chevron Corporation (CVX)
08/16/2018,1.12,Chevron Corporation (CVX)
11/04/1993,0.8752,Chevron Corporation (CVX)
02/14/2011,0.72,Chevron Corporation (CVX)
05/17/2006,0.52,Chevron Corporation (CVX)
11/15/2006,0.52,Chevron Corporation (CVX)
02/07/1990,0.7,Chevron Corporation (CVX)
08/16/2006,0.52,Chevron Corporation (CVX)
02/14/2007,0.52,Chevron Corporation (CVX)
05/14/1996,0.5,Chevron Corporation (CVX)
02/07/1966,0.03906,Chevron Corporation (CVX)
08/04/1970,0.04375,Chevron Corporation (CVX)
11/03/1986,0.6,Chevron Corporation (CVX)
02/13/2004,0.73,Chevron Corporation (CVX)
11/16/2016,1.08,Chevron Corporation (CVX)
05/17/2017,1.08,Chevron Corporation (CVX)
04/30/1991,0.8252,Chevron Corporation (CVX)
05/05/1966,0.03906,Chevron Corporation (CVX)
02/13/1996,0.5,Chevron Corporation (CVX)
08/13/1996,0.54,Chevron Corporation (CVX)
05/12/1975,0.0625,Chevron Corporation (CVX)
08/16/2017,1.08,Chevron Corporation (CVX)
05/17/2005,0.45,Chevron Corporation (CVX)
02/10/1995,0.4626,Chevron Corporation (CVX)
11/14/2007,0.58,Chevron Corporation (CVX)
08/11/1975,0.0625,Chevron Corporation (CVX)
02/13/2008,0.58,Chevron Corporation (CVX)
05/04/1971,0.04375,Chevron Corporation (CVX)
11/14/2003,0.73,Chevron Corporation (CVX)
11/12/1996,0.54,Chevron Corporation (CVX)
08/05/1969,0.04375,Chevron Corporation (CVX)
05/05/1986,0.6,Chevron Corporation (CVX)
08/15/2003,0.73,Chevron Corporation (CVX)
11/07/1962,0.02976,Chevron Corporation (CVX)
05/01/1990,0.7,Chevron Corporation (CVX)
08/15/1995,0.5,Chevron Corporation (CVX)
08/04/1986,0.6,Chevron Corporation (CVX)
08/17/2016,1.07,Chevron Corporation (CVX)
02/06/1963,0.03125,Chevron Corporation (CVX)
07/31/1990,0.7752,Chevron Corporation (CVX)
08/05/1965,0.03438,Chevron Corporation (CVX)
11/16/2004,0.4,Chevron Corporation (CVX)
08/17/2004,0.8,Chevron Corporation (CVX)
05/05/1970,0.04375,Chevron Corporation (CVX)
08/15/2002,0.7,Chevron Corporation (CVX)
11/06/1963,0.03125,Chevron Corporation (CVX)
11/16/2010,0.72,Chevron Corporation (CVX)
05/17/2011,0.78,Chevron Corporation (CVX)
05/15/2015,1.07,Chevron Corporation (CVX)
11/14/2014,1.07,Chevron Corporation (CVX)
02/12/2014,1,Chevron Corporation (CVX)
08/06/1973,0.04688,Chevron Corporation (CVX)
05/04/1984,0.6,Chevron Corporation (CVX)
08/18/1997,0.58,Chevron Corporation (CVX)
08/07/1967,0.03906,Chevron Corporation (CVX)
11/05/1985,0.6,Chevron Corporation (CVX)
11/15/2019,1.19,Chevron Corporation (CVX)
02/05/1965,0.03438,Chevron Corporation (CVX)
08/09/1976,0.06875,Chevron Corporation (CVX)
11/18/1998,0.61,Chevron Corporation (CVX)
02/05/1973,0.04688,Chevron Corporation (CVX)
02/05/1987,0.6,Chevron Corporation (CVX)
11/15/1995,0.5,Chevron Corporation (CVX)
05/05/1987,0.6,Chevron Corporation (CVX)
08/07/1962,0.02976,Chevron Corporation (CVX)
08/05/1966,0.03906,Chevron Corporation (CVX)
08/17/2009,0.68,Chevron Corporation (CVX)
11/04/1994,0.4626,Chevron Corporation (CVX)
08/15/2013,1,Chevron Corporation (CVX)
11/17/1999,0.65,Chevron Corporation (CVX)
05/16/2001,0.65,Chevron Corporation (CVX)
11/06/1990,0.7752,Chevron Corporation (CVX)
05/05/1992,0.8252,Chevron Corporation (CVX)
02/18/1997,0.54,Chevron Corporation (CVX)
05/17/2016,1.07,Chevron Corporation (CVX)
05/05/1965,0.03438,Chevron Corporation (CVX)
02/07/1967,0.03906,Chevron Corporation (CVX)
11/03/1987,0.6,Chevron Corporation (CVX)
02/04/1974,0.0625,Chevron Corporation (CVX)
02/06/1984,0.6,Chevron Corporation (CVX)
02/15/2018,1.12,Chevron Corporation (CVX)
02/14/2005,0.4,Chevron Corporation (CVX)
05/17/2000,0.65,Chevron Corporation (CVX)
11/15/2000,0.65,Chevron Corporation (CVX)
08/05/1974,0.0625,Chevron Corporation (CVX)
02/03/1975,0.0625,Chevron Corporation (CVX)
02/12/2009,0.65,Chevron Corporation (CVX)
11/04/1970,0.04375,Chevron Corporation (CVX)
11/05/1991,0.8252,Chevron Corporation (CVX)
11/07/1980,0.03594,Eli Lilly and Company (LLY)
02/13/2002,0.31,Eli Lilly and Company (LLY)
05/14/2015,0.5,Eli Lilly and Company (LLY)
11/10/2009,0.49,Eli Lilly and Company (LLY)
02/13/2006,0.4,Eli Lilly and Company (LLY)
08/13/2007,0.425,Eli Lilly and Company (LLY)
11/10/2005,0.38,Eli Lilly and Company (LLY)
11/06/1981,0.03594,Eli Lilly and Company (LLY)
02/12/2003,0.335,Eli Lilly and Company (LLY)
08/11/2005,0.38,Eli Lilly and Company (LLY)
05/09/1984,0.04531,Eli Lilly and Company (LLY)
08/14/2018,0.5625,Eli Lilly and Company (LLY)
02/09/1994,0.6252,Eli Lilly and Company (LLY)
11/13/2006,0.4,Eli Lilly and Company (LLY)
02/09/1990,0.41,Eli Lilly and Company (LLY)
11/13/2002,0.31,Eli Lilly and Company (LLY)
05/11/2006,0.4,Eli Lilly and Company (LLY)
11/05/1982,0.04063,Eli Lilly and Company (LLY)
02/11/2004,0.355,Eli Lilly and Company (LLY)
08/11/2004,0.355,Eli Lilly and Company (LLY)
02/13/2017,0.52,Eli Lilly and Company (LLY)
08/11/2000,0.26,Eli Lilly and Company (LLY)
02/11/2000,0.26,Eli Lilly and Company (LLY)
11/10/2016,0.51,Eli Lilly and Company (LLY)
05/11/2017,0.52,Eli Lilly and Company (LLY)
08/09/1983,0.04531,Eli Lilly and Company (LLY)
11/12/2003,0.335,Eli Lilly and Company (LLY)
05/11/2005,0.38,Eli Lilly and Company (LLY)
02/13/2001,0.28,Eli Lilly and Company (LLY)
08/13/2003,0.335,Eli Lilly and Company (LLY)
11/13/2013,0.49,Eli Lilly and Company (LLY)
11/08/1991,0.5,Eli Lilly and Company (LLY)
02/13/2013,0.49,Eli Lilly and Company (LLY)
08/11/2016,0.51,Eli Lilly and Company (LLY)
08/09/1991,0.5,Eli Lilly and Company (LLY)
05/12/2004,0.355,Eli Lilly and Company (LLY)
11/10/2004,0.355,Eli Lilly and Company (LLY)
08/13/2002,0.31,Eli Lilly and Company (LLY)
08/11/2006,0.4,Eli Lilly and Company (LLY)
11/14/2018,0.5625,Eli Lilly and Company (LLY)
05/11/1981,0.03594,Eli Lilly and Company (LLY)
11/12/2014,0.49,Eli Lilly and Company (LLY)
05/09/1977,0.02219,Eli Lilly and Company (LLY)
05/11/2011,0.49,Eli Lilly and Company (LLY)
11/08/1984,0.05,Eli Lilly and Company (LLY)
02/09/1993,0.6052,Eli Lilly and Company (LLY)
08/09/1994,0.6252,Eli Lilly and Company (LLY)
05/16/2018,0.5625,Eli Lilly and Company (LLY)
05/12/1980,0.03281,Eli Lilly and Company (LLY)
08/09/1988,0.5752,Eli Lilly and Company (LLY)
05/10/1976,0.01875,Eli Lilly and Company (LLY)
11/09/1989,0.3376,Eli Lilly and Company (LLY)
05/12/2010,0.49,Eli Lilly and Company (LLY)
11/10/2010,0.49,Eli Lilly and Company (LLY)
05/09/1985,0.05,Eli Lilly and Company (LLY)
02/13/2007,0.425,Eli Lilly and Company (LLY)
02/11/2011,0.49,Eli Lilly and Company (LLY)
05/11/2000,0.26,Eli Lilly and Company (LLY)
05/09/1983,0.04063,Eli Lilly and Company (LLY)
11/08/1974,0.01563,Eli Lilly and Company (LLY)
05/07/1979,0.02813,Eli Lilly and Company (LLY)
02/09/1983,0.04063,Eli Lilly and Company (LLY)
11/13/1995,0.6852,Eli Lilly and Company (LLY)
05/13/1996,0.343,Eli Lilly and Company (LLY)
11/08/1990,0.41,Eli Lilly and Company (LLY)
08/13/2013,0.49,Eli Lilly and Company (LLY)
08/11/2017,0.52,Eli Lilly and Company (LLY)
05/11/1992,0.55,Eli Lilly and Company (LLY)
11/03/1977,0.02219,Eli Lilly and Company (LLY)
05/09/1988,0.5752,Eli Lilly and Company (LLY)
05/10/1982,0.04063,Eli Lilly and Company (LLY)
11/07/1983,0.04531,Eli Lilly and Company (LLY)
11/13/2000,0.26,Eli Lilly and Company (LLY)
11/07/1975,0.01719,Eli Lilly and Company (LLY)
02/12/1997,0.36,Eli Lilly and Company (LLY)
05/11/2016,0.51,Eli Lilly and Company (LLY)
05/08/1978,0.025,Eli Lilly and Company (LLY)
02/08/1984,0.04531,Eli Lilly and Company (LLY)
05/09/1991,0.5,Eli Lilly and Company (LLY)
05/11/1987,0.5,Eli Lilly and Company (LLY)
11/12/1997,0.2,Eli Lilly and Company (LLY)
05/13/1998,0.2,Eli Lilly and Company (LLY)
02/08/1985,0.05,Eli Lilly and Company (LLY)
08/09/1985,0.05,Eli Lilly and Company (LLY)
05/16/2019,0.645,Eli Lilly and Company (LLY)
05/13/2002,0.31,Eli Lilly and Company (LLY)
11/05/1976,0.02031,Eli Lilly and Company (LLY)
02/11/1998,0.2,Eli Lilly and Company (LLY)
08/12/1998,0.2,Eli Lilly and Company (LLY)
11/13/1972,0.01138,Eli Lilly and Company (LLY)
05/14/1973,0.01181,Eli Lilly and Company (LLY)
02/14/2019,0.645,Eli Lilly and Company (LLY)
02/06/1976,0.01875,Eli Lilly and Company (LLY)
05/09/1990,0.41,Eli Lilly and Company (LLY)
08/13/1973,0.01294,Eli Lilly and Company (LLY)
05/09/1994,0.6252,Eli Lilly and Company (LLY)
05/09/1986,0.4504,Eli Lilly and Company (LLY)
08/11/2011,0.49,Eli Lilly and Company (LLY)
11/14/2019,0.645,Eli Lilly and Company (LLY)
08/13/1997,0.36,Eli Lilly and Company (LLY)
02/10/1999,0.23,Eli Lilly and Company (LLY)
11/10/2015,0.5,Eli Lilly and Company (LLY)
05/13/2014,0.49,Eli Lilly and Company (LLY)
11/12/1973,0.01294,Eli Lilly and Company (LLY)
02/13/2020,0.74,Eli Lilly and Company (LLY)
08/13/2001,0.28,Eli Lilly and Company (LLY)
02/04/1977,0.02219,Eli Lilly and Company (LLY)
05/10/1993,0.6052,Eli Lilly and Company (LLY)
11/08/1993,0.6052,Eli Lilly and Company (LLY)
08/09/1989,0.3376,Eli Lilly and Company (LLY)
11/08/1985,0.05,Eli Lilly and Company (LLY)
08/09/1993,0.6052,Eli Lilly and Company (LLY)
11/10/1999,0.23,Eli Lilly and Company (LLY)
11/03/1978,0.02813,Eli Lilly and Company (LLY)
02/13/1996,0.345,Eli Lilly and Company (LLY)
08/13/1996,0.3426,Eli Lilly and Company (LLY)
05/12/1975,0.01719,Eli Lilly and Company (LLY)
02/13/2012,0.49,Eli Lilly and Company (LLY)
05/13/2009,0.49,Eli Lilly and Company (LLY)
11/10/2011,0.49,Eli Lilly and Company (LLY)
08/11/1975,0.01719,Eli Lilly and Company (LLY)
11/07/1986,0.4504,Eli Lilly and Company (LLY)
02/13/2008,0.47,Eli Lilly and Company (LLY)
08/12/2009,0.49,Eli Lilly and Company (LLY)
05/12/1999,0.23,Eli Lilly and Company (LLY)
02/11/2005,0.38,Eli Lilly and Company (LLY)
05/14/2020,0.74,Eli Lilly and Company (LLY)
02/09/1988,0.5752,Eli Lilly and Company (LLY)
11/02/1979,0.03281,Eli Lilly and Company (LLY)
08/11/1999,0.23,Eli Lilly and Company (LLY)
05/13/1974,0.01469,Eli Lilly and Company (LLY)
02/14/2018,0.5625,Eli Lilly and Company (LLY)
08/13/2020,0.74,Eli Lilly and Company (LLY)
08/13/2012,0.49,Eli Lilly and Company (LLY)
11/12/2008,0.47,Eli Lilly and Company (LLY)
08/11/1995,0.6452,Eli Lilly and Company (LLY)
08/12/1974,0.01563,Eli Lilly and Company (LLY)
11/06/1987,0.5,Eli Lilly and Company (LLY)
08/13/2008,0.47,Eli Lilly and Company (LLY)
02/11/2009,0.49,Eli Lilly and Company (LLY)
02/05/1981,0.03594,Eli Lilly and Company (LLY)
08/14/2019,0.645,Eli Lilly and Company (LLY)
08/10/1981,0.03594,Eli Lilly and Company (LLY)
11/06/1992,0.55,Eli Lilly and Company (LLY)
02/12/2014,0.49,Eli Lilly and Company (LLY)
08/12/2015,0.5,Eli Lilly and Company (LLY)
08/08/1977,0.02219,Eli Lilly and Company (LLY)
05/13/2003,0.335,Eli Lilly and Company (LLY)
02/09/1989,0.6752,Eli Lilly and Company (LLY)
08/09/1990,0.41,Eli Lilly and Company (LLY)
11/13/2001,0.28,Eli Lilly and Company (LLY)
02/10/2010,0.49,Eli Lilly and Company (LLY)
05/11/2007,0.425,Eli Lilly and Company (LLY)
11/08/1988,0.5752,Eli Lilly and Company (LLY)
08/09/1984,0.04531,Eli Lilly and Company (LLY)
05/13/1997,0.36,Eli Lilly and Company (LLY)
11/10/1998,0.2,Eli Lilly and Company (LLY)
05/11/2001,0.28,Eli Lilly and Company (LLY)
02/10/1986,0.4504,Eli Lilly and Company (LLY)
08/11/1980,0.03594,Eli Lilly and Company (LLY)
02/08/1982,0.04063,Eli Lilly and Company (LLY)
02/09/1973,0.01181,Eli Lilly and Company (LLY)
08/13/2014,0.49,Eli Lilly and Company (LLY)
02/11/2015,0.5,Eli Lilly and Company (LLY)
08/09/1976,0.02031,Eli Lilly and Company (LLY)
08/11/2010,0.49,Eli Lilly and Company (LLY)
08/07/1972,0.01138,Eli Lilly and Company (LLY)
05/09/1989,0.3376,Eli Lilly and Company (LLY)
02/09/1987,0.5,Eli Lilly and Company (LLY)
08/10/1987,0.5,Eli Lilly and Company (LLY)
11/13/2012,0.49,Eli Lilly and Company (LLY)
05/14/2013,0.49,Eli Lilly and Company (LLY)
11/11/2016,0.51,Eli Lilly and Company (LLY)
11/13/2007,0.425,Eli Lilly and Company (LLY)
02/09/1995,0.6452,Eli Lilly and Company (LLY)
02/10/2016,0.51,Eli Lilly and Company (LLY)
02/06/1978,0.025,Eli Lilly and Company (LLY)
08/06/1979,0.03281,Eli Lilly and Company (LLY)
11/08/1994,0.6252,Eli Lilly and Company (LLY)
02/07/1991,0.5,Eli Lilly and Company (LLY)
08/10/1992,0.55,Eli Lilly and Company (LLY)
02/08/1974,0.01469,Eli Lilly and Company (LLY)
11/13/1996,0.3426,Eli Lilly and Company (LLY)
11/14/2017,0.52,Eli Lilly and Company (LLY)
08/11/1986,0.4504,Eli Lilly and Company (LLY)
02/08/1980,0.03281,Eli Lilly and Company (LLY)
08/09/1982,0.04063,Eli Lilly and Company (LLY)
02/07/1975,0.01719,Eli Lilly and Company (LLY)
05/13/2008,0.47,Eli Lilly and Company (LLY)
08/07/1978,0.025,Eli Lilly and Company (LLY)
02/05/1979,0.02813,Eli Lilly and Company (LLY)
05/11/2012,0.49,Eli Lilly and Company (LLY)
05/09/1995,0.6452,Eli Lilly and Company (LLY)
02/10/1992,0.55,Eli Lilly and Company (LLY)
06/13/2012,0.42,"Merck & Co., Inc. (MRK)"
06/13/2016,0.46,"Merck & Co., Inc. (MRK)"
03/01/1982,0.01944,"Merck & Co., Inc. (MRK)"
08/30/1982,0.01944,"Merck & Co., Inc. (MRK)"
12/04/1989,0.15,"Merck & Co., Inc. (MRK)"
06/03/1991,0.1866,"Merck & Co., Inc. (MRK)"
03/13/2013,0.43,"Merck & Co., Inc. (MRK)"
03/05/1990,0.15,"Merck & Co., Inc. (MRK)"
08/30/1974,0.00972,"Merck & Co., Inc. (MRK)"
03/13/2017,0.47,"Merck & Co., Inc. (MRK)"
06/01/1981,0.01806,"Merck & Co., Inc. (MRK)"
06/11/2015,0.45,"Merck & Co., Inc. (MRK)"
05/31/2006,0.38,"Merck & Co., Inc. (MRK)"
08/31/1981,0.01806,"Merck & Co., Inc. (MRK)"
02/28/1983,0.01944,"Merck & Co., Inc. (MRK)"
06/05/1973,0.00819,"Merck & Co., Inc. (MRK)"
12/06/1995,0.34,"Merck & Co., Inc. (MRK)"
08/30/2006,0.38,"Merck & Co., Inc. (MRK)"
12/03/1990,0.1866,"Merck & Co., Inc. (MRK)"
03/04/1991,0.1866,"Merck & Co., Inc. (MRK)"
08/31/1973,0.00819,"Merck & Co., Inc. (MRK)"
09/14/2018,0.48,"Merck & Co., Inc. (MRK)"
12/06/1971,0.00764,"Merck & Co., Inc. (MRK)"
06/01/1976,0.00972,"Merck & Co., Inc. (MRK)"
12/11/2009,0.38,"Merck & Co., Inc. (MRK)"
06/11/2010,0.38,"Merck & Co., Inc. (MRK)"
08/31/1984,0.02083,"Merck & Co., Inc. (MRK)"
06/09/1972,0.00764,"Merck & Co., Inc. (MRK)"
05/31/2001,0.34,"Merck & Co., Inc. (MRK)"
12/02/1991,0.2098,"Merck & Co., Inc. (MRK)"
03/06/1996,0.34,"Merck & Co., Inc. (MRK)"
09/03/1997,0.45,"Merck & Co., Inc. (MRK)"
08/30/2001,0.35,"Merck & Co., Inc. (MRK)"
03/02/1992,0.2298,"Merck & Co., Inc. (MRK)"
06/14/2019,0.55,"Merck & Co., Inc. (MRK)"
03/08/2006,0.38,"Merck & Co., Inc. (MRK)"
06/07/1971,0.00764,"Merck & Co., Inc. (MRK)"
08/29/1983,0.01944,"Merck & Co., Inc. (MRK)"
11/30/1976,0.01042,"Merck & Co., Inc. (MRK)"
12/03/1997,0.45,"Merck & Co., Inc. (MRK)"
03/02/1976,0.00972,"Merck & Co., Inc. (MRK)"
09/04/1996,0.4,"Merck & Co., Inc. (MRK)"
03/05/1997,0.42,"Merck & Co., Inc. (MRK)"
08/31/1992,0.25,"Merck & Co., Inc. (MRK)"
03/02/1972,0.00764,"Merck & Co., Inc. (MRK)"
12/14/2018,0.55,"Merck & Co., Inc. (MRK)"
08/29/1975,0.00972,"Merck & Co., Inc. (MRK)"
06/04/2009,0.38,"Merck & Co., Inc. (MRK)"
09/02/1986,0.061,"Merck & Co., Inc. (MRK)"
06/04/2003,0.36,"Merck & Co., Inc. (MRK)"
12/04/2002,0.36,"Merck & Co., Inc. (MRK)"
03/13/2012,0.42,"Merck & Co., Inc. (MRK)"
12/03/1973,0.00972,"Merck & Co., Inc. (MRK)"
06/03/1974,0.00972,"Merck & Co., Inc. (MRK)"
03/11/2016,0.46,"Merck & Co., Inc. (MRK)"
12/02/1998,0.54,"Merck & Co., Inc. (MRK)"
06/02/1999,0.27,"Merck & Co., Inc. (MRK)"
09/13/2016,0.46,"Merck & Co., Inc. (MRK)"
03/01/1977,0.01042,"Merck & Co., Inc. (MRK)"
03/11/2011,0.38,"Merck & Co., Inc. (MRK)"
09/05/1995,0.34,"Merck & Co., Inc. (MRK)"
09/02/1970,0.00694,"Merck & Co., Inc. (MRK)"
08/20/2003,2.876,"Merck & Co., Inc. (MRK)"
12/06/2006,0.38,"Merck & Co., Inc. (MRK)"
06/04/2008,0.38,"Merck & Co., Inc. (MRK)"
12/04/1978,0.01319,"Merck & Co., Inc. (MRK)"
12/13/2012,0.43,"Merck & Co., Inc. (MRK)"
09/13/2019,0.55,"Merck & Co., Inc. (MRK)"
12/03/2003,0.37,"Merck & Co., Inc. (MRK)"
06/05/2002,0.35,"Merck & Co., Inc. (MRK)"
09/11/2015,0.45,"Merck & Co., Inc. (MRK)"
08/30/1985,0.02222,"Merck & Co., Inc. (MRK)"
06/03/1998,0.45,"Merck & Co., Inc. (MRK)"
12/01/1999,0.29,"Merck & Co., Inc. (MRK)"
03/13/2020,0.61,"Merck & Co., Inc. (MRK)"
09/13/2011,0.38,"Merck & Co., Inc. (MRK)"
06/06/2007,0.38,"Merck & Co., Inc. (MRK)"
12/05/2007,0.38,"Merck & Co., Inc. (MRK)"
09/02/1994,0.3,"Merck & Co., Inc. (MRK)"
03/03/1995,0.3,"Merck & Co., Inc. (MRK)"
12/03/1979,0.01597,"Merck & Co., Inc. (MRK)"
06/02/1980,0.01597,"Merck & Co., Inc. (MRK)"
12/12/2013,0.44,"Merck & Co., Inc. (MRK)"
06/12/2014,0.44,"Merck & Co., Inc. (MRK)"
12/01/2004,0.38,"Merck & Co., Inc. (MRK)"
06/01/2005,0.38,"Merck & Co., Inc. (MRK)"
12/01/1975,0.00972,"Merck & Co., Inc. (MRK)"
12/05/1996,0.4,"Merck & Co., Inc. (MRK)"
06/05/1997,0.42,"Merck & Co., Inc. (MRK)"
06/03/1985,0.02222,"Merck & Co., Inc. (MRK)"
12/14/2017,0.48,"Merck & Co., Inc. (MRK)"
12/03/2008,0.38,"Merck & Co., Inc. (MRK)"
06/13/2013,0.43,"Merck & Co., Inc. (MRK)"
12/11/2014,0.45,"Merck & Co., Inc. (MRK)"
06/02/2004,0.37,"Merck & Co., Inc. (MRK)"
11/30/2005,0.38,"Merck & Co., Inc. (MRK)"
08/30/1991,0.2098,"Merck & Co., Inc. (MRK)"
06/02/1975,0.00972,"Merck & Co., Inc. (MRK)"
12/05/1972,0.00819,"Merck & Co., Inc. (MRK)"
08/28/1987,0.0888,"Merck & Co., Inc. (MRK)"
05/31/2000,0.29,"Merck & Co., Inc. (MRK)"
06/06/1996,0.34,"Merck & Co., Inc. (MRK)"
12/13/2010,0.38,"Merck & Co., Inc. (MRK)"
12/03/1984,0.02222,"Merck & Co., Inc. (MRK)"
06/14/2018,0.48,"Merck & Co., Inc. (MRK)"
03/02/1993,0.25,"Merck & Co., Inc. (MRK)"
08/28/1990,0.1866,"Merck & Co., Inc. (MRK)"
11/28/1977,0.01181,"Merck & Co., Inc. (MRK)"
02/27/1986,0.1,"Merck & Co., Inc. (MRK)"
08/28/1978,0.01181,"Merck & Co., Inc. (MRK)"
06/02/1970,0.00694,"Merck & Co., Inc. (MRK)"
12/02/1993,0.28,"Merck & Co., Inc. (MRK)"
03/02/1987,0.061,"Merck & Co., Inc. (MRK)"
08/29/1989,0.15,"Merck & Co., Inc. (MRK)"
06/13/2011,0.38,"Merck & Co., Inc. (MRK)"
08/29/1977,0.01042,"Merck & Co., Inc. (MRK)"
06/02/1994,0.28,"Merck & Co., Inc. (MRK)"
05/29/1990,0.15,"Merck & Co., Inc. (MRK)"
02/29/1988,0.1066,"Merck & Co., Inc. (MRK)"
08/29/1988,0.1232,"Merck & Co., Inc. (MRK)"
12/06/2000,0.34,"Merck & Co., Inc. (MRK)"
03/07/2001,0.34,"Merck & Co., Inc. (MRK)"
12/01/1970,0.00764,"Merck & Co., Inc. (MRK)"
06/02/1993,0.25,"Merck & Co., Inc. (MRK)"
08/29/1980,0.01597,"Merck & Co., Inc. (MRK)"
03/02/1971,0.00764,"Merck & Co., Inc. (MRK)"
12/02/1980,0.01806,"Merck & Co., Inc. (MRK)"
12/05/2001,0.35,"Merck & Co., Inc. (MRK)"
03/06/2002,0.35,"Merck & Co., Inc. (MRK)"
03/14/2018,0.48,"Merck & Co., Inc. (MRK)"
12/02/1992,0.25,"Merck & Co., Inc. (MRK)"
08/31/1979,0.01319,"Merck & Co., Inc. (MRK)"
06/03/1988,0.1066,"Merck & Co., Inc. (MRK)"
03/04/1974,0.00972,"Merck & Co., Inc. (MRK)"
12/01/1981,0.01944,"Merck & Co., Inc. (MRK)"
06/01/1982,0.01944,"Merck & Co., Inc. (MRK)"
12/11/2015,0.46,"Merck & Co., Inc. (MRK)"
03/07/2007,0.38,"Merck & Co., Inc. (MRK)"
09/05/2007,0.38,"Merck & Co., Inc. (MRK)"
09/13/2012,0.42,"Merck & Co., Inc. (MRK)"
09/03/2003,0.37,"Merck & Co., Inc. (MRK)"
03/05/2003,0.36,"Merck & Co., Inc. (MRK)"
12/13/2011,0.42,"Merck & Co., Inc. (MRK)"
03/05/1973,0.00819,"Merck & Co., Inc. (MRK)"
05/26/1978,0.01181,"Merck & Co., Inc. (MRK)"
03/04/1998,0.45,"Merck & Co., Inc. (MRK)"
09/01/1999,0.29,"Merck & Co., Inc. (MRK)"
06/02/1995,0.3,"Merck & Co., Inc. (MRK)"
06/02/1987,0.061,"Merck & Co., Inc. (MRK)"
12/03/1985,0.1,"Merck & Co., Inc. (MRK)"
12/13/2019,0.61,"Merck & Co., Inc. (MRK)"
03/02/1994,0.28,"Merck & Co., Inc. (MRK)"
11/30/1982,0.01944,"Merck & Co., Inc. (MRK)"
03/05/2008,0.38,"Merck & Co., Inc. (MRK)"
05/31/1977,0.01042,"Merck & Co., Inc. (MRK)"
03/03/2004,0.37,"Merck & Co., Inc. (MRK)"
09/04/2002,0.36,"Merck & Co., Inc. (MRK)"
03/02/1978,0.01181,"Merck & Co., Inc. (MRK)"
09/02/1998,0.45,"Merck & Co., Inc. (MRK)"
03/03/1999,0.27,"Merck & Co., Inc. (MRK)"
12/02/1994,0.3,"Merck & Co., Inc. (MRK)"
12/13/2016,0.47,"Merck & Co., Inc. (MRK)"
06/03/1986,0.05,"Merck & Co., Inc. (MRK)"
12/02/1986,0.061,"Merck & Co., Inc. (MRK)"
06/12/2020,0.61,"Merck & Co., Inc. (MRK)"
05/29/1984,0.02083,"Merck & Co., Inc. (MRK)"
11/29/1983,0.02083,"Merck & Co., Inc. (MRK)"
03/04/2009,0.38,"Merck & Co., Inc. (MRK)"
09/02/2009,0.38,"Merck & Co., Inc. (MRK)"
09/11/2014,0.44,"Merck & Co., Inc. (MRK)"
03/01/1984,0.02083,"Merck & Co., Inc. (MRK)"
03/02/2005,0.38,"Merck & Co., Inc. (MRK)"
08/31/2005,0.38,"Merck & Co., Inc. (MRK)"
08/30/1976,0.00972,"Merck & Co., Inc. (MRK)"
03/14/2019,0.55,"Merck & Co., Inc. (MRK)"
03/01/1979,0.01319,"Merck & Co., Inc. (MRK)"
03/01/2000,0.29,"Merck & Co., Inc. (MRK)"
09/13/2010,0.38,"Merck & Co., Inc. (MRK)"
03/12/2015,0.45,"Merck & Co., Inc. (MRK)"
12/01/1987,0.0888,"Merck & Co., Inc. (MRK)"
05/30/1989,0.1366,"Merck & Co., Inc. (MRK)"
09/02/1993,0.28,"Merck & Co., Inc. (MRK)"
03/03/1975,0.00972,"Merck & Co., Inc. (MRK)"
05/31/1983,0.01944,"Merck & Co., Inc. (MRK)"
09/14/2017,0.47,"Merck & Co., Inc. (MRK)"
03/02/1989,0.1366,"Merck & Co., Inc. (MRK)"
09/03/2008,0.38,"Merck & Co., Inc. (MRK)"
06/13/2017,0.47,"Merck & Co., Inc. (MRK)"
03/02/1981,0.01806,"Merck & Co., Inc. (MRK)"
09/12/2013,0.43,"Merck & Co., Inc. (MRK)"
02/28/1985,0.02222,"Merck & Co., Inc. (MRK)"
09/01/2004,0.38,"Merck & Co., Inc. (MRK)"
03/11/2010,0.38,"Merck & Co., Inc. (MRK)"
02/28/1980,0.01597,"Merck & Co., Inc. (MRK)"
06/02/1992,0.23,"Merck & Co., Inc. (MRK)"
05/25/1979,0.01319,"Merck & Co., Inc. (MRK)"
08/30/2000,0.34,"Merck & Co., Inc. (MRK)"
03/13/2014,0.44,"Merck & Co., Inc. (MRK)"
11/29/1988,0.1232,"Merck & Co., Inc. (MRK)"
09/03/1971,0.00764,"Merck & Co., Inc. (MRK)"
02/18/1977,0.2496,Johnson & Johnson (JNJ)
11/14/1997,0.22,Johnson & Johnson (JNJ)
05/15/1998,0.25,Johnson & Johnson (JNJ)
11/15/1976,0.2496,Johnson & Johnson (JNJ)
05/16/1977,0.3504,Johnson & Johnson (JNJ)
05/26/2011,0.57,Johnson & Johnson (JNJ)
11/21/2014,0.7,Johnson & Johnson (JNJ)
05/11/1994,0.29,Johnson & Johnson (JNJ)
05/23/1986,0.3504,Johnson & Johnson (JNJ)
08/14/1998,0.25,Johnson & Johnson (JNJ)
08/15/1977,0.3504,Johnson & Johnson (JNJ)
11/23/1964,5.80E-04,Johnson & Johnson (JNJ)
02/20/2015,0.7,Johnson & Johnson (JNJ)
08/21/2015,0.75,Johnson & Johnson (JNJ)
02/14/1989,0.5008,Johnson & Johnson (JNJ)
08/10/1994,0.29,Johnson & Johnson (JNJ)
02/16/1968,0.00139,Johnson & Johnson (JNJ)
11/18/2005,0.33,Johnson & Johnson (JNJ)
08/18/1986,0.3504,Johnson & Johnson (JNJ)
05/16/1997,0.22,Johnson & Johnson (JNJ)
11/13/1998,0.25,Johnson & Johnson (JNJ)
05/17/1976,0.2496,Johnson & Johnson (JNJ)
11/14/1977,0.3504,Johnson & Johnson (JNJ)
05/27/2010,0.54,Johnson & Johnson (JNJ)
11/20/2015,0.75,Johnson & Johnson (JNJ)
05/12/1993,0.26,Johnson & Johnson (JNJ)
05/24/1985,0.3248,Johnson & Johnson (JNJ)
08/15/1997,0.22,Johnson & Johnson (JNJ)
11/22/1965,6.90E-04,Johnson & Johnson (JNJ)
08/16/1976,0.2496,Johnson & Johnson (JNJ)
08/22/2014,0.7,Johnson & Johnson (JNJ)
02/19/2016,0.75,Johnson & Johnson (JNJ)
02/13/1990,0.2904,Johnson & Johnson (JNJ)
08/11/1993,0.26,Johnson & Johnson (JNJ)
02/09/1994,0.26,Johnson & Johnson (JNJ)
02/14/1969,0.00174,Johnson & Johnson (JNJ)
11/18/1985,0.3248,Johnson & Johnson (JNJ)
08/19/1985,0.3248,Johnson & Johnson (JNJ)
11/12/1999,0.28,Johnson & Johnson (JNJ)
02/13/1962,5.80E-04,Johnson & Johnson (JNJ)
11/13/1978,0.4272,Johnson & Johnson (JNJ)
05/23/2013,0.66,Johnson & Johnson (JNJ)
11/18/2016,0.8,Johnson & Johnson (JNJ)
02/15/1996,0.33,Johnson & Johnson (JNJ)
02/11/2000,0.28,Johnson & Johnson (JNJ)
11/21/1966,8.10E-04,Johnson & Johnson (JNJ)
02/08/1995,0.29,Johnson & Johnson (JNJ)
02/21/1966,0.00139,Johnson & Johnson (JNJ)
11/17/1986,0.3504,Johnson & Johnson (JNJ)
02/20/1979,0.4992,Johnson & Johnson (JNJ)
02/12/1991,0.34,Johnson & Johnson (JNJ)
02/15/1980,0.4992,Johnson & Johnson (JNJ)
05/14/1999,0.28,Johnson & Johnson (JNJ)
05/15/1978,0.4272,Johnson & Johnson (JNJ)
05/24/2012,0.61,Johnson & Johnson (JNJ)
05/20/2016,0.8,Johnson & Johnson (JNJ)
05/10/1995,0.33,Johnson & Johnson (JNJ)
02/13/1997,0.095,Johnson & Johnson (JNJ)
05/22/1987,0.4208,Johnson & Johnson (JNJ)
08/13/1999,0.28,Johnson & Johnson (JNJ)
11/20/1967,0.00104,Johnson & Johnson (JNJ)
08/14/1978,0.4272,Johnson & Johnson (JNJ)
08/19/2016,0.8,Johnson & Johnson (JNJ)
02/20/1967,0.00139,Johnson & Johnson (JNJ)
11/21/1962,5.80E-04,Johnson & Johnson (JNJ)
11/16/1987,0.4208,Johnson & Johnson (JNJ)
11/16/1979,0.4992,Johnson & Johnson (JNJ)
08/17/1987,0.4208,Johnson & Johnson (JNJ)
02/11/1992,0.4,Johnson & Johnson (JNJ)
05/21/2015,0.75,Johnson & Johnson (JNJ)
11/26/2010,0.54,Johnson & Johnson (JNJ)
02/24/1986,0.3264,Johnson & Johnson (JNJ)
08/20/1973,0.1248,Johnson & Johnson (JNJ)
11/24/2006,0.375,Johnson & Johnson (JNJ)
08/15/1990,0.34,Johnson & Johnson (JNJ)
11/16/1984,0.3008,Johnson & Johnson (JNJ)
11/26/2018,0.9,Johnson & Johnson (JNJ)
08/18/1969,0.00139,Johnson & Johnson (JNJ)
02/25/1964,0.00104,Johnson & Johnson (JNJ)
02/09/1993,0.23,Johnson & Johnson (JNJ)
05/22/2014,0.7,Johnson & Johnson (JNJ)
11/25/2011,0.57,Johnson & Johnson (JNJ)
02/23/1987,0.3504,Johnson & Johnson (JNJ)
08/21/1972,0.1008,Johnson & Johnson (JNJ)
11/23/2007,0.415,Johnson & Johnson (JNJ)
08/16/1989,0.2904,Johnson & Johnson (JNJ)
11/25/2019,0.95,Johnson & Johnson (JNJ)
08/19/1968,0.00104,Johnson & Johnson (JNJ)
02/23/1965,0.00127,Johnson & Johnson (JNJ)
02/22/1982,0.2208,Johnson & Johnson (JNJ)
05/17/1996,0.38,Johnson & Johnson (JNJ)
08/20/1979,0.4992,Johnson & Johnson (JNJ)
11/23/2012,0.61,Johnson & Johnson (JNJ)
08/18/1975,0.2016,Johnson & Johnson (JNJ)
11/21/2008,0.46,Johnson & Johnson (JNJ)
05/25/2018,0.9,Johnson & Johnson (JNJ)
08/12/1992,0.23,Johnson & Johnson (JNJ)
02/16/1970,0.00208,Johnson & Johnson (JNJ)
05/17/1967,8.10E-04,Johnson & Johnson (JNJ)
08/14/1967,0.00104,Johnson & Johnson (JNJ)
05/18/2001,0.36,Johnson & Johnson (JNJ)
08/20/1963,5.80E-04,Johnson & Johnson (JNJ)
08/20/1984,0.3008,Johnson & Johnson (JNJ)
11/15/1996,0.19,Johnson & Johnson (JNJ)
11/22/2013,0.66,Johnson & Johnson (JNJ)
02/18/1972,0.1008,Johnson & Johnson (JNJ)
08/19/1974,0.2016,Johnson & Johnson (JNJ)
11/20/2009,0.49,Johnson & Johnson (JNJ)
08/14/1991,0.4,Johnson & Johnson (JNJ)
08/17/1970,0.00167,Johnson & Johnson (JNJ)
05/19/2000,0.32,Johnson & Johnson (JNJ)
11/17/2000,0.32,Johnson & Johnson (JNJ)
08/21/1962,5.80E-04,Johnson & Johnson (JNJ)
02/19/1963,8.10E-04,Johnson & Johnson (JNJ)
11/17/1972,0.1008,Johnson & Johnson (JNJ)
08/16/2002,0.205,Johnson & Johnson (JNJ)
08/17/1981,0.2208,Johnson & Johnson (JNJ)
02/16/1973,0.1008,Johnson & Johnson (JNJ)
05/24/2007,0.415,Johnson & Johnson (JNJ)
05/18/1965,6.90E-04,Johnson & Johnson (JNJ)
02/19/2010,0.49,Johnson & Johnson (JNJ)
02/15/1974,0.1248,Johnson & Johnson (JNJ)
05/16/2003,0.24,Johnson & Johnson (JNJ)
11/16/2001,0.18,Johnson & Johnson (JNJ)
08/17/1965,6.90E-04,Johnson & Johnson (JNJ)
11/17/1980,0.576,Johnson & Johnson (JNJ)
05/17/1982,0.2496,Johnson & Johnson (JNJ)
05/22/2020,1.01,Johnson & Johnson (JNJ)
05/22/1989,0.2904,Johnson & Johnson (JNJ)
11/16/1973,0.1248,Johnson & Johnson (JNJ)
08/17/2001,0.18,Johnson & Johnson (JNJ)
08/18/1980,0.576,Johnson & Johnson (JNJ)
05/25/2006,0.375,Johnson & Johnson (JNJ)
05/22/1981,0.6624,Johnson & Johnson (JNJ)
05/19/1964,5.80E-04,Johnson & Johnson (JNJ)
05/17/2002,0.205,Johnson & Johnson (JNJ)
11/15/2002,0.205,Johnson & Johnson (JNJ)
08/18/1964,5.80E-04,Johnson & Johnson (JNJ)
11/16/1981,0.2208,Johnson & Johnson (JNJ)
05/24/2019,0.95,Johnson & Johnson (JNJ)
08/13/2004,0.285,Johnson & Johnson (JNJ)
08/15/1983,0.2752,Johnson & Johnson (JNJ)
05/18/1988,0.5008,Johnson & Johnson (JNJ)
02/14/1975,0.2016,Johnson & Johnson (JNJ)
11/10/1995,0.33,Johnson & Johnson (JNJ)
05/21/2009,0.49,Johnson & Johnson (JNJ)
02/22/1971,0.00271,Johnson & Johnson (JNJ)
08/23/1971,0.00208,Johnson & Johnson (JNJ)
08/17/1988,0.5008,Johnson & Johnson (JNJ)
02/18/1983,0.2496,Johnson & Johnson (JNJ)
08/27/2018,0.9,Johnson & Johnson (JNJ)
11/14/2003,0.24,Johnson & Johnson (JNJ)
05/13/2005,0.33,Johnson & Johnson (JNJ)
11/15/1982,0.2496,Johnson & Johnson (JNJ)
02/15/2001,0.32,Johnson & Johnson (JNJ)
08/15/2003,0.24,Johnson & Johnson (JNJ)
02/11/2005,0.285,Johnson & Johnson (JNJ)
08/16/1982,0.2496,Johnson & Johnson (JNJ)
11/16/1988,0.5008,Johnson & Johnson (JNJ)
02/13/1976,0.2016,Johnson & Johnson (JNJ)
05/22/2008,0.46,Johnson & Johnson (JNJ)
11/26/1963,5.80E-04,Johnson & Johnson (JNJ)
02/17/1988,0.4208,Johnson & Johnson (JNJ)
08/11/1995,0.33,Johnson & Johnson (JNJ)
11/27/2017,0.84,Johnson & Johnson (JNJ)
05/17/1966,8.10E-04,Johnson & Johnson (JNJ)
02/17/1984,0.2752,Johnson & Johnson (JNJ)
05/14/2004,0.285,Johnson & Johnson (JNJ)
11/12/2004,0.285,Johnson & Johnson (JNJ)
02/26/2018,0.84,Johnson & Johnson (JNJ)
08/16/1966,8.10E-04,Johnson & Johnson (JNJ)
05/16/1983,0.2752,Johnson & Johnson (JNJ)
11/14/1983,0.2752,Johnson & Johnson (JNJ)
05/25/2017,0.84,Johnson & Johnson (JNJ)
02/13/1981,0.576,Johnson & Johnson (JNJ)
02/14/2002,0.18,Johnson & Johnson (JNJ)
05/21/1973,0.1248,Johnson & Johnson (JNJ)
11/15/1989,0.2904,Johnson & Johnson (JNJ)
05/16/1990,0.34,Johnson & Johnson (JNJ)
02/12/1998,0.22,Johnson & Johnson (JNJ)
11/18/1968,0.00104,Johnson & Johnson (JNJ)
05/19/1969,0.00139,Johnson & Johnson (JNJ)
02/25/2011,0.54,Johnson & Johnson (JNJ)
08/26/2011,0.57,Johnson & Johnson (JNJ)
08/24/2007,0.415,Johnson & Johnson (JNJ)
11/10/1992,0.23,Johnson & Johnson (JNJ)
02/24/2006,0.33,Johnson & Johnson (JNJ)
02/15/1985,0.3008,Johnson & Johnson (JNJ)
02/25/2019,0.9,Johnson & Johnson (JNJ)
02/13/2003,0.205,Johnson & Johnson (JNJ)
05/22/1972,0.1008,Johnson & Johnson (JNJ)
02/10/1978,0.4272,Johnson & Johnson (JNJ)
11/14/1990,0.34,Johnson & Johnson (JNJ)
02/11/1999,0.25,Johnson & Johnson (JNJ)
05/20/1968,0.00104,Johnson & Johnson (JNJ)
11/17/1969,0.00139,Johnson & Johnson (JNJ)
08/27/2010,0.54,Johnson & Johnson (JNJ)
02/24/2012,0.57,Johnson & Johnson (JNJ)
08/25/2006,0.375,Johnson & Johnson (JNJ)
02/23/2007,0.375,Johnson & Johnson (JNJ)
11/09/1993,0.26,Johnson & Johnson (JNJ)
08/26/2019,0.95,Johnson & Johnson (JNJ)
02/24/2020,0.95,Johnson & Johnson (JNJ)
02/12/2004,0.24,Johnson & Johnson (JNJ)
05/19/1975,0.2016,Johnson & Johnson (JNJ)
08/18/2000,0.32,Johnson & Johnson (JNJ)
11/18/1974,0.2016,Johnson & Johnson (JNJ)
11/13/1991,0.4,Johnson & Johnson (JNJ)
05/13/1992,0.46,Johnson & Johnson (JNJ)
08/16/1996,0.19,Johnson & Johnson (JNJ)
11/16/1970,0.00167,Johnson & Johnson (JNJ)
05/17/1971,0.00208,Johnson & Johnson (JNJ)
02/22/2013,0.61,Johnson & Johnson (JNJ)
08/23/2013,0.66,Johnson & Johnson (JNJ)
05/21/1963,5.80E-04,Johnson & Johnson (JNJ)
02/22/2008,0.415,Johnson & Johnson (JNJ)
08/21/2009,0.49,Johnson & Johnson (JNJ)
05/21/1984,0.3008,Johnson & Johnson (JNJ)
11/08/1994,0.29,Johnson & Johnson (JNJ)
02/24/2017,0.8,Johnson & Johnson (JNJ)
08/19/2005,0.33,Johnson & Johnson (JNJ)
05/19/1980,0.576,Johnson & Johnson (JNJ)
05/22/1970,0.00167,Johnson & Johnson (JNJ)
11/19/1971,0.00208,Johnson & Johnson (JNJ)
11/17/1975,0.2016,Johnson & Johnson (JNJ)
05/20/1974,0.1488,Johnson & Johnson (JNJ)
05/15/1991,0.4,Johnson & Johnson (JNJ)
08/24/2012,0.61,Johnson & Johnson (JNJ)
02/21/2014,0.66,Johnson & Johnson (JNJ)
05/22/1962,5.80E-04,Johnson & Johnson (JNJ)
08/22/2008,0.46,Johnson & Johnson (JNJ)
02/20/2009,0.46,Johnson & Johnson (JNJ)
08/25/2017,0.84,Johnson & Johnson (JNJ)
05/21/1979,0.4992,Johnson & Johnson (JNJ)
09/24/1987,0.96,Verizon Communications Inc. (VZ)
10/08/1996,0.72,Verizon Communications Inc. (VZ)
07/08/2013,0.515,Verizon Communications Inc. (VZ)
07/06/2017,0.5775,Verizon Communications Inc. (VZ)
04/06/2005,0.405,Verizon Communications Inc. (VZ)
01/07/2009,0.46,Verizon Communications Inc. (VZ)
07/08/2009,0.46,Verizon Communications Inc. (VZ)
04/08/1997,0.74,Verizon Communications Inc. (VZ)
07/06/2005,0.405,Verizon Communications Inc. (VZ)
04/09/2018,0.59,Verizon Communications Inc. (VZ)
01/07/2004,0.385,Verizon Communications Inc. (VZ)
10/07/2009,0.475,Verizon Communications Inc. (VZ)
04/06/2001,0.385,Verizon Communications Inc. (VZ)
07/08/1997,0.77,Verizon Communications Inc. (VZ)
10/05/2005,0.405,Verizon Communications Inc. (VZ)
07/09/2018,0.59,Verizon Communications Inc. (VZ)
07/06/2001,0.385,Verizon Communications Inc. (VZ)
01/05/1993,0.65,Verizon Communications Inc. (VZ)
10/06/1999,0.385,Verizon Communications Inc. (VZ)
04/05/2012,0.5,Verizon Communications Inc. (VZ)
01/08/2014,0.53,Verizon Communications Inc. (VZ)
06/24/1986,0.9,Verizon Communications Inc. (VZ)
07/03/1991,0.63,Verizon Communications Inc. (VZ)
01/06/2010,0.475,Verizon Communications Inc. (VZ)
03/26/1984,0.17986,Verizon Communications Inc. (VZ)
07/07/2004,0.429353,Verizon Communications Inc. (VZ)
10/04/1991,0.63,Verizon Communications Inc. (VZ)
10/08/2008,0.46,Verizon Communications Inc. (VZ)
07/03/2000,0.377385,Verizon Communications Inc. (VZ)
12/24/1987,0.96,Verizon Communications Inc. (VZ)
04/08/2013,0.515,Verizon Communications Inc. (VZ)
10/06/2004,0.385,Verizon Communications Inc. (VZ)
04/06/2017,0.5775,Verizon Communications Inc. (VZ)
01/04/1994,0.67,Verizon Communications Inc. (VZ)
07/05/1994,0.69,Verizon Communications Inc. (VZ)
04/06/2011,0.4875,Verizon Communications Inc. (VZ)
06/24/1985,0.01911,Verizon Communications Inc. (VZ)
01/07/2015,0.55,Verizon Communications Inc. (VZ)
07/08/2015,0.55,Verizon Communications Inc. (VZ)
10/09/2019,0.615,Verizon Communications Inc. (VZ)
07/03/1990,0.59,Verizon Communications Inc. (VZ)
10/04/1994,0.69,Verizon Communications Inc. (VZ)
04/08/2003,0.385,Verizon Communications Inc. (VZ)
01/04/1990,1.1,Verizon Communications Inc. (VZ)
07/06/2011,0.4875,Verizon Communications Inc. (VZ)
03/25/1985,0.19111,Verizon Communications Inc. (VZ)
10/07/2015,0.565,Verizon Communications Inc. (VZ)
07/08/2003,0.385,Verizon Communications Inc. (VZ)
01/08/2002,0.385,Verizon Communications Inc. (VZ)
04/02/1993,0.67,Verizon Communications Inc. (VZ)
10/05/2011,0.5,Verizon Communications Inc. (VZ)
01/06/2006,0.405,Verizon Communications Inc. (VZ)
07/06/2007,0.405,Verizon Communications Inc. (VZ)
04/04/1995,0.7,Verizon Communications Inc. (VZ)
04/06/2016,0.565,Verizon Communications Inc. (VZ)
10/05/2007,0.43,Verizon Communications Inc. (VZ)
01/09/2019,0.6025,Verizon Communications Inc. (VZ)
04/04/1989,1.1,Verizon Communications Inc. (VZ)
04/07/2010,0.475,Verizon Communications Inc. (VZ)
06/25/1984,0.17986,Verizon Communications Inc. (VZ)
10/05/2001,0.385,Verizon Communications Inc. (VZ)
01/06/2016,0.565,Verizon Communications Inc. (VZ)
09/26/1988,1.02,Verizon Communications Inc. (VZ)
01/08/2008,0.43,Verizon Communications Inc. (VZ)
07/02/1993,0.67,Verizon Communications Inc. (VZ)
07/07/2010,0.475,Verizon Communications Inc. (VZ)
09/24/1984,0.17986,Verizon Communications Inc. (VZ)
03/24/1986,1.8,Verizon Communications Inc. (VZ)
10/08/2014,0.55,Verizon Communications Inc. (VZ)
01/06/2012,0.5,Verizon Communications Inc. (VZ)
10/03/1989,1.1,Verizon Communications Inc. (VZ)
04/07/1998,0.77,Verizon Communications Inc. (VZ)
10/06/2010,0.4875,Verizon Communications Inc. (VZ)
04/05/1994,0.69,Verizon Communications Inc. (VZ)
10/08/2002,0.429353,Verizon Communications Inc. (VZ)
04/08/2015,0.55,Verizon Communications Inc. (VZ)
01/06/1992,0.63,Verizon Communications Inc. (VZ)
07/06/1992,0.65,Verizon Communications Inc. (VZ)
10/07/1996,0.72,Verizon Communications Inc. (VZ)
04/07/2009,0.46,Verizon Communications Inc. (VZ)
10/05/2000,0.385,Verizon Communications Inc. (VZ)
01/08/2013,0.515,Verizon Communications Inc. (VZ)
12/24/1986,0.9,Verizon Communications Inc. (VZ)
06/24/1987,0.96,Verizon Communications Inc. (VZ)
01/06/2017,0.5775,Verizon Communications Inc. (VZ)
10/05/1992,0.65,Verizon Communications Inc. (VZ)
10/08/2013,0.53,Verizon Communications Inc. (VZ)
03/25/1987,0.96,Verizon Communications Inc. (VZ)
10/06/2017,0.59,Verizon Communications Inc. (VZ)
04/04/1991,0.63,Verizon Communications Inc. (VZ)
01/08/1996,0.7,Verizon Communications Inc. (VZ)
06/24/1988,1.02,Verizon Communications Inc. (VZ)
04/08/2014,0.53,Verizon Communications Inc. (VZ)
01/06/2000,0.385,Verizon Communications Inc. (VZ)
03/25/1988,1.02,Verizon Communications Inc. (VZ)
07/06/1995,0.7,Verizon Communications Inc. (VZ)
04/08/2008,0.43,Verizon Communications Inc. (VZ)
07/06/2016,0.565,Verizon Communications Inc. (VZ)
04/06/2004,0.385,Verizon Communications Inc. (VZ)
10/05/1995,0.7,Verizon Communications Inc. (VZ)
07/08/2008,0.43,Verizon Communications Inc. (VZ)
10/05/2016,0.5775,Verizon Communications Inc. (VZ)
07/06/2012,0.5,Verizon Communications Inc. (VZ)
09/24/1986,0.9,Verizon Communications Inc. (VZ)
04/08/1996,0.72,Verizon Communications Inc. (VZ)
01/08/2001,0.385,Verizon Communications Inc. (VZ)
04/06/2000,0.385,Verizon Communications Inc. (VZ)
01/06/2005,0.385,Verizon Communications Inc. (VZ)
10/05/2012,0.515,Verizon Communications Inc. (VZ)
04/06/1992,0.65,Verizon Communications Inc. (VZ)
07/08/1996,0.72,Verizon Communications Inc. (VZ)
01/08/1997,0.72,Verizon Communications Inc. (VZ)
07/06/2000,0.051857,Verizon Communications Inc. (VZ)
01/09/2018,0.59,Verizon Communications Inc. (VZ)
12/21/1984,0.17986,Verizon Communications Inc. (VZ)
04/04/1990,1.18,Verizon Communications Inc. (VZ)
10/07/1998,0.385,Verizon Communications Inc. (VZ)
01/08/2007,0.405,Verizon Communications Inc. (VZ)
04/05/2007,0.405,Verizon Communications Inc. (VZ)
01/06/2011,0.4875,Verizon Communications Inc. (VZ)
09/24/1985,0.19111,Verizon Communications Inc. (VZ)
10/03/1990,0.59,Verizon Communications Inc. (VZ)
04/07/1999,0.385,Verizon Communications Inc. (VZ)
04/09/2020,0.615,Verizon Communications Inc. (VZ)
12/23/1988,1.02,Verizon Communications Inc. (VZ)
01/07/1998,0.77,Verizon Communications Inc. (VZ)
07/07/1999,0.385,Verizon Communications Inc. (VZ)
10/08/2003,0.385,Verizon Communications Inc. (VZ)
07/09/2020,0.615,Verizon Communications Inc. (VZ)
01/04/1995,0.69,Verizon Communications Inc. (VZ)
10/08/1997,0.77,Verizon Communications Inc. (VZ)
07/08/2014,0.53,Verizon Communications Inc. (VZ)
10/09/2018,0.6025,Verizon Communications Inc. (VZ)
12/24/1985,1.7,Verizon Communications Inc. (VZ)
10/04/1993,0.67,Verizon Communications Inc. (VZ)
04/08/2002,0.429353,Verizon Communications Inc. (VZ)
01/04/1991,0.59,Verizon Communications Inc. (VZ)
04/06/2006,0.405,Verizon Communications Inc. (VZ)
07/08/2002,0.385,Verizon Communications Inc. (VZ)
01/08/2003,0.385,Verizon Communications Inc. (VZ)
04/09/2019,0.6025,Verizon Communications Inc. (VZ)
07/06/2006,0.405,Verizon Communications Inc. (VZ)
07/03/1989,1.1,Verizon Communications Inc. (VZ)
07/08/1998,0.385,Verizon Communications Inc. (VZ)
01/06/1999,0.385,Verizon Communications Inc. (VZ)
07/09/2019,0.6025,Verizon Communications Inc. (VZ)
10/05/2006,0.405,Verizon Communications Inc. (VZ)
01/09/2020,0.615,Verizon Communications Inc. (VZ)
02/09/1988,0.23535,"Essential Utilities, Inc. (WTRG)"
05/16/2007,0.115,"Essential Utilities, Inc. (WTRG)"
08/11/1988,0.23535,"Essential Utilities, Inc. (WTRG)"
02/07/1989,0.23535,"Essential Utilities, Inc. (WTRG)"
11/14/2007,0.125,"Essential Utilities, Inc. (WTRG)"
02/09/1987,0.23535,"Essential Utilities, Inc. (WTRG)"
08/12/1987,0.23535,"Essential Utilities, Inc. (WTRG)"
05/16/2006,0.1069,"Essential Utilities, Inc. (WTRG)"
11/15/2006,0.115,"Essential Utilities, Inc. (WTRG)"
08/12/1985,0.22025,"Essential Utilities, Inc. (WTRG)"
02/10/1986,0.22025,"Essential Utilities, Inc. (WTRG)"
05/14/2009,0.135,"Essential Utilities, Inc. (WTRG)"
11/12/2009,0.145,"Essential Utilities, Inc. (WTRG)"
08/11/1986,0.23535,"Essential Utilities, Inc. (WTRG)"
05/14/2008,0.125,"Essential Utilities, Inc. (WTRG)"
11/13/2008,0.135,"Essential Utilities, Inc. (WTRG)"
05/07/1992,0.26035,"Essential Utilities, Inc. (WTRG)"
02/12/2003,0.14,"Essential Utilities, Inc. (WTRG)"
08/13/2003,0.14,"Essential Utilities, Inc. (WTRG)"
08/15/2019,0.2343,"Essential Utilities, Inc. (WTRG)"
11/10/1992,0.26035,"Essential Utilities, Inc. (WTRG)"
02/13/2020,0.234,"Essential Utilities, Inc. (WTRG)"
08/15/2001,0.155,"Essential Utilities, Inc. (WTRG)"
05/09/1991,0.25045,"Essential Utilities, Inc. (WTRG)"
02/08/2002,0.13266,"Essential Utilities, Inc. (WTRG)"
05/17/2018,0.2047,"Essential Utilities, Inc. (WTRG)"
08/14/2002,0.13266,"Essential Utilities, Inc. (WTRG)"
11/15/2018,0.219,"Essential Utilities, Inc. (WTRG)"
11/06/1991,0.25045,"Essential Utilities, Inc. (WTRG)"
08/16/2005,0.13,"Essential Utilities, Inc. (WTRG)"
11/06/1990,0.25045,"Essential Utilities, Inc. (WTRG)"
02/11/2004,0.12,"Essential Utilities, Inc. (WTRG)"
08/09/1989,0.23535,"Essential Utilities, Inc. (WTRG)"
08/12/2004,0.12,"Essential Utilities, Inc. (WTRG)"
02/07/1990,0.25045,"Essential Utilities, Inc. (WTRG)"
02/10/2005,0.13,"Essential Utilities, Inc. (WTRG)"
11/12/2014,0.165,"Essential Utilities, Inc. (WTRG)"
05/13/2015,0.165,"Essential Utilities, Inc. (WTRG)"
08/13/1996,0.20272,"Essential Utilities, Inc. (WTRG)"
02/10/1997,0.20272,"Essential Utilities, Inc. (WTRG)"
02/13/2014,0.152,"Essential Utilities, Inc. (WTRG)"
08/11/1995,0.29002,"Essential Utilities, Inc. (WTRG)"
02/09/1996,0.29002,"Essential Utilities, Inc. (WTRG)"
02/09/1994,0.27024,"Essential Utilities, Inc. (WTRG)"
11/14/2016,0.1913,"Essential Utilities, Inc. (WTRG)"
05/15/2017,0.1913,"Essential Utilities, Inc. (WTRG)"
08/09/1994,0.28065,"Essential Utilities, Inc. (WTRG)"
11/16/2017,0.2047,"Essential Utilities, Inc. (WTRG)"
02/07/1995,0.28013,"Essential Utilities, Inc. (WTRG)"
02/09/1993,0.26035,"Essential Utilities, Inc. (WTRG)"
11/10/2015,0.178,"Essential Utilities, Inc. (WTRG)"
05/11/2016,0.178,"Essential Utilities, Inc. (WTRG)"
08/11/1993,0.27024,"Essential Utilities, Inc. (WTRG)"
08/11/2000,0.1802,"Essential Utilities, Inc. (WTRG)"
02/12/2001,0.155,"Essential Utilities, Inc. (WTRG)"
05/13/2011,0.155,"Essential Utilities, Inc. (WTRG)"
08/15/2011,0.155,"Essential Utilities, Inc. (WTRG)"
05/14/2020,0.234,"Essential Utilities, Inc. (WTRG)"
08/13/1999,0.1802,"Essential Utilities, Inc. (WTRG)"
02/11/2010,0.145,"Essential Utilities, Inc. (WTRG)"
02/11/2000,0.1802,"Essential Utilities, Inc. (WTRG)"
08/13/2020,0.251,"Essential Utilities, Inc. (WTRG)"
11/15/2010,0.155,"Essential Utilities, Inc. (WTRG)"
08/13/1998,0.17005,"Essential Utilities, Inc. (WTRG)"
02/13/2013,0.175,"Essential Utilities, Inc. (WTRG)"
02/08/1999,0.17005,"Essential Utilities, Inc. (WTRG)"
08/14/2013,0.19,"Essential Utilities, Inc. (WTRG)"
08/15/1997,0.21244,"Essential Utilities, Inc. (WTRG)"
02/15/2012,0.165,"Essential Utilities, Inc. (WTRG)"
02/11/1998,0.1625,"Essential Utilities, Inc. (WTRG)"
08/15/2012,0.165,"Essential Utilities, Inc. (WTRG)"
02/13/2007,0.115,"Essential Utilities, Inc. (WTRG)"
05/09/1988,0.23535,"Essential Utilities, Inc. (WTRG)"
11/07/1988,0.23535,"Essential Utilities, Inc. (WTRG)"
08/15/2007,0.125,"Essential Utilities, Inc. (WTRG)"
11/07/1986,0.23535,"Essential Utilities, Inc. (WTRG)"
02/13/2006,0.1069,"Essential Utilities, Inc. (WTRG)"
05/11/1987,0.23535,"Essential Utilities, Inc. (WTRG)"
11/10/1987,0.23535,"Essential Utilities, Inc. (WTRG)"
08/16/2006,0.115,"Essential Utilities, Inc. (WTRG)"
02/12/2009,0.135,"Essential Utilities, Inc. (WTRG)"
11/12/1985,0.22025,"Essential Utilities, Inc. (WTRG)"
08/13/2009,0.135,"Essential Utilities, Inc. (WTRG)"
05/12/1986,0.22025,"Essential Utilities, Inc. (WTRG)"
02/13/2008,0.125,"Essential Utilities, Inc. (WTRG)"
08/14/2008,0.125,"Essential Utilities, Inc. (WTRG)"
05/13/1985,0.22025,"Essential Utilities, Inc. (WTRG)"
02/11/1992,0.26035,"Essential Utilities, Inc. (WTRG)"
11/13/2002,0.14,"Essential Utilities, Inc. (WTRG)"
08/12/1992,0.26035,"Essential Utilities, Inc. (WTRG)"
05/16/2019,0.219,"Essential Utilities, Inc. (WTRG)"
05/13/2003,0.14,"Essential Utilities, Inc. (WTRG)"
11/12/2003,0.15,"Essential Utilities, Inc. (WTRG)"
11/14/2019,0.234,"Essential Utilities, Inc. (WTRG)"
02/05/1991,0.25045,"Essential Utilities, Inc. (WTRG)"
11/14/2001,0.16583,"Essential Utilities, Inc. (WTRG)"
02/15/2018,0.2047,"Essential Utilities, Inc. (WTRG)"
05/10/2002,0.13266,"Essential Utilities, Inc. (WTRG)"
08/16/2018,0.219,"Essential Utilities, Inc. (WTRG)"
08/12/1991,0.25045,"Essential Utilities, Inc. (WTRG)"
02/14/2019,0.219,"Essential Utilities, Inc. (WTRG)"
05/10/1990,0.25045,"Essential Utilities, Inc. (WTRG)"
05/16/2005,0.13,"Essential Utilities, Inc. (WTRG)"
08/09/1990,0.25045,"Essential Utilities, Inc. (WTRG)"
11/15/2005,0.14253,"Essential Utilities, Inc. (WTRG)"
05/09/1989,0.23535,"Essential Utilities, Inc. (WTRG)"
05/12/2004,0.12,"Essential Utilities, Inc. (WTRG)"
11/09/1989,0.23535,"Essential Utilities, Inc. (WTRG)"
11/10/2004,0.13,"Essential Utilities, Inc. (WTRG)"
02/11/2015,0.165,"Essential Utilities, Inc. (WTRG)"
11/12/1996,0.19995,"Essential Utilities, Inc. (WTRG)"
08/12/2015,0.178,"Essential Utilities, Inc. (WTRG)"
05/09/1997,0.20272,"Essential Utilities, Inc. (WTRG)"
05/14/2014,0.152,"Essential Utilities, Inc. (WTRG)"
05/09/1995,0.28013,"Essential Utilities, Inc. (WTRG)"
11/10/1995,0.29002,"Essential Utilities, Inc. (WTRG)"
05/10/1996,0.29002,"Essential Utilities, Inc. (WTRG)"
08/13/2014,0.165,"Essential Utilities, Inc. (WTRG)"
02/13/2017,0.1913,"Essential Utilities, Inc. (WTRG)"
05/10/1994,0.27024,"Essential Utilities, Inc. (WTRG)"
11/08/1994,0.28013,"Essential Utilities, Inc. (WTRG)"
08/14/2017,0.2047,"Essential Utilities, Inc. (WTRG)"
02/10/2016,0.178,"Essential Utilities, Inc. (WTRG)"
05/10/1993,0.27024,"Essential Utilities, Inc. (WTRG)"
11/09/1993,0.27024,"Essential Utilities, Inc. (WTRG)"
08/16/2016,0.1913,"Essential Utilities, Inc. (WTRG)"
11/13/2000,0.19375,"Essential Utilities, Inc. (WTRG)"
02/15/2011,0.155,"Essential Utilities, Inc. (WTRG)"
05/11/2001,0.155,"Essential Utilities, Inc. (WTRG)"
11/15/2011,0.165,"Essential Utilities, Inc. (WTRG)"
11/09/1999,0.1802,"Essential Utilities, Inc. (WTRG)"
05/13/2010,0.145,"Essential Utilities, Inc. (WTRG)"
08/13/2010,0.145,"Essential Utilities, Inc. (WTRG)"
05/11/2000,0.1802,"Essential Utilities, Inc. (WTRG)"
11/06/1998,0.17005,"Essential Utilities, Inc. (WTRG)"
05/15/2013,0.175,"Essential Utilities, Inc. (WTRG)"
05/10/1999,0.17005,"Essential Utilities, Inc. (WTRG)"
11/14/2013,0.152,"Essential Utilities, Inc. (WTRG)"
11/06/1997,0.21244,"Essential Utilities, Inc. (WTRG)"
05/15/2012,0.165,"Essential Utilities, Inc. (WTRG)"
05/11/1998,0.1625,"Essential Utilities, Inc. (WTRG)"
11/14/2012,0.175,"Essential Utilities, Inc. (WTRG)"
11/13/2018,0.5525,"WEC Energy Group, Inc. (WEC)"
08/10/2006,0.23,"WEC Energy Group, Inc. (WEC)"
02/02/1993,0.325,"WEC Energy Group, Inc. (WEC)"
08/03/1993,0.3388,"WEC Energy Group, Inc. (WEC)"
05/12/2015,0.4225,"WEC Energy Group, Inc. (WEC)"
08/13/2019,0.59,"WEC Energy Group, Inc. (WEC)"
08/01/1989,0.2768,"WEC Energy Group, Inc. (WEC)"
11/10/1997,0.385,"WEC Energy Group, Inc. (WEC)"
08/12/2002,0.2,"WEC Energy Group, Inc. (WEC)"
11/10/2009,0.3375,"WEC Energy Group, Inc. (WEC)"
08/10/1998,0.39,"WEC Energy Group, Inc. (WEC)"
11/03/1988,0.2568,"WEC Energy Group, Inc. (WEC)"
11/08/2005,0.22,"WEC Energy Group, Inc. (WEC)"
05/10/2007,0.25,"WEC Energy Group, Inc. (WEC)"
11/03/1992,0.325,"WEC Energy Group, Inc. (WEC)"
05/03/1994,0.3525,"WEC Energy Group, Inc. (WEC)"
02/01/1990,0.2768,"WEC Energy Group, Inc. (WEC)"
05/10/2001,0.2,"WEC Energy Group, Inc. (WEC)"
02/12/2003,0.2,"WEC Energy Group, Inc. (WEC)"
05/03/1988,0.2568,"WEC Energy Group, Inc. (WEC)"
08/04/1992,0.325,"WEC Energy Group, Inc. (WEC)"
02/10/1999,0.39,"WEC Energy Group, Inc. (WEC)"
11/10/2015,0.4575,"WEC Energy Group, Inc. (WEC)"
08/02/1988,0.2568,"WEC Energy Group, Inc. (WEC)"
05/11/2018,0.5525,"WEC Energy Group, Inc. (WEC)"
02/13/2020,0.633,"WEC Energy Group, Inc. (WEC)"
11/09/1998,0.39,"WEC Energy Group, Inc. (WEC)"
11/09/2010,0.4,"WEC Energy Group, Inc. (WEC)"
08/12/2014,0.39,"WEC Energy Group, Inc. (WEC)"
08/11/1997,0.385,"WEC Energy Group, Inc. (WEC)"
02/12/2007,0.25,"WEC Energy Group, Inc. (WEC)"
02/10/2011,0.52,"WEC Energy Group, Inc. (WEC)"
05/04/1993,0.3388,"WEC Energy Group, Inc. (WEC)"
11/02/1993,0.3388,"WEC Energy Group, Inc. (WEC)"
08/01/1991,0.3102,"WEC Energy Group, Inc. (WEC)"
05/10/2000,0.39,"WEC Energy Group, Inc. (WEC)"
02/11/2004,0.2,"WEC Energy Group, Inc. (WEC)"
08/11/2004,0.21,"WEC Energy Group, Inc. (WEC)"
11/03/1986,0.11167,"WEC Energy Group, Inc. (WEC)"
06/30/2015,0.207,"WEC Energy Group, Inc. (WEC)"
02/02/1987,0.4468,"WEC Energy Group, Inc. (WEC)"
08/03/1987,0.2401,"WEC Energy Group, Inc. (WEC)"
11/10/2016,0.495,"WEC Energy Group, Inc. (WEC)"
08/12/2013,0.3825,"WEC Energy Group, Inc. (WEC)"
06/24/2015,0.206658,"WEC Energy Group, Inc. (WEC)"
08/09/1996,0.38,"WEC Energy Group, Inc. (WEC)"
08/10/2017,0.52,"WEC Energy Group, Inc. (WEC)"
11/01/1990,0.2935,"WEC Energy Group, Inc. (WEC)"
02/02/1995,0.35,"WEC Energy Group, Inc. (WEC)"
11/12/2003,0.2,"WEC Energy Group, Inc. (WEC)"
05/11/2005,0.22,"WEC Energy Group, Inc. (WEC)"
08/12/2009,0.3375,"WEC Energy Group, Inc. (WEC)"
11/13/2017,0.52,"WEC Energy Group, Inc. (WEC)"
02/09/2005,0.22,"WEC Energy Group, Inc. (WEC)"
11/02/1987,0.2401,"WEC Energy Group, Inc. (WEC)"
11/10/2000,0.2,"WEC Energy Group, Inc. (WEC)"
05/01/1990,0.2935,"WEC Energy Group, Inc. (WEC)"
02/03/1992,0.3102,"WEC Energy Group, Inc. (WEC)"
08/02/1994,0.3525,"WEC Energy Group, Inc. (WEC)"
05/12/2003,0.2,"WEC Energy Group, Inc. (WEC)"
02/11/1997,0.38,"WEC Energy Group, Inc. (WEC)"
11/08/1996,0.19,"WEC Energy Group, Inc. (WEC)"
08/13/2020,0.633,"WEC Energy Group, Inc. (WEC)"
05/10/1999,0.39,"WEC Energy Group, Inc. (WEC)"
05/12/2008,0.27,"WEC Energy Group, Inc. (WEC)"
11/12/2008,0.27,"WEC Energy Group, Inc. (WEC)"
02/09/1996,0.368,"WEC Energy Group, Inc. (WEC)"
05/10/2012,0.3,"WEC Energy Group, Inc. (WEC)"
11/06/1995,0.3675,"WEC Energy Group, Inc. (WEC)"
05/12/2004,0.21,"WEC Energy Group, Inc. (WEC)"
02/11/2009,0.3375,"WEC Energy Group, Inc. (WEC)"
05/02/1995,0.368,"WEC Energy Group, Inc. (WEC)"
02/12/2002,0.2,"WEC Energy Group, Inc. (WEC)"
05/13/2019,0.59,"WEC Energy Group, Inc. (WEC)"
11/09/2001,0.2,"WEC Energy Group, Inc. (WEC)"
05/10/2002,0.2,"WEC Energy Group, Inc. (WEC)"
05/01/1989,0.2768,"WEC Energy Group, Inc. (WEC)"
02/10/2006,0.23,"WEC Energy Group, Inc. (WEC)"
02/10/1998,0.385,"WEC Energy Group, Inc. (WEC)"
05/08/1998,0.39,"WEC Energy Group, Inc. (WEC)"
11/12/2014,0.39,"WEC Energy Group, Inc. (WEC)"
02/13/2019,0.59,"WEC Energy Group, Inc. (WEC)"
02/01/1989,0.2568,"WEC Energy Group, Inc. (WEC)"
05/11/2011,0.26,"WEC Energy Group, Inc. (WEC)"
02/12/2014,0.39,"WEC Energy Group, Inc. (WEC)"
08/12/2015,0.233723,"WEC Energy Group, Inc. (WEC)"
02/10/2010,0.4,"WEC Energy Group, Inc. (WEC)"
08/10/2011,0.26,"WEC Energy Group, Inc. (WEC)"
08/10/2005,0.22,"WEC Energy Group, Inc. (WEC)"
11/13/2019,0.59,"WEC Energy Group, Inc. (WEC)"
11/01/1989,0.2768,"WEC Energy Group, Inc. (WEC)"
02/02/1994,0.3388,"WEC Energy Group, Inc. (WEC)"
05/12/2014,0.39,"WEC Energy Group, Inc. (WEC)"
08/13/2018,0.5525,"WEC Energy Group, Inc. (WEC)"
05/09/1997,0.385,"WEC Energy Group, Inc. (WEC)"
08/10/2001,0.2,"WEC Energy Group, Inc. (WEC)"
11/11/2015,0.4575,"WEC Energy Group, Inc. (WEC)"
05/12/2010,0.4,"WEC Energy Group, Inc. (WEC)"
02/11/2015,0.4225,"WEC Energy Group, Inc. (WEC)"
11/12/2002,0.2,"WEC Energy Group, Inc. (WEC)"
05/10/2006,0.23,"WEC Energy Group, Inc. (WEC)"
08/11/2010,0.4,"WEC Energy Group, Inc. (WEC)"
11/10/2006,0.23,"WEC Energy Group, Inc. (WEC)"
05/01/1987,0.4802,"WEC Energy Group, Inc. (WEC)"
11/09/1999,0.39,"WEC Energy Group, Inc. (WEC)"
02/01/1991,0.2935,"WEC Energy Group, Inc. (WEC)"
05/01/1991,0.3102,"WEC Energy Group, Inc. (WEC)"
05/09/1996,0.38,"WEC Energy Group, Inc. (WEC)"
02/10/2000,0.39,"WEC Energy Group, Inc. (WEC)"
08/10/2000,0.39,"WEC Energy Group, Inc. (WEC)"
11/09/2016,0.495,"WEC Energy Group, Inc. (WEC)"
05/10/2017,0.52,"WEC Energy Group, Inc. (WEC)"
05/12/2009,0.3375,"WEC Energy Group, Inc. (WEC)"
11/09/2011,0.26,"WEC Energy Group, Inc. (WEC)"
02/10/2016,0.495,"WEC Energy Group, Inc. (WEC)"
05/10/2013,0.34,"WEC Energy Group, Inc. (WEC)"
05/01/1992,0.3252,"WEC Energy Group, Inc. (WEC)"
02/12/2008,0.27,"WEC Energy Group, Inc. (WEC)"
11/09/2007,0.25,"WEC Energy Group, Inc. (WEC)"
02/10/2012,0.3,"WEC Energy Group, Inc. (WEC)"
11/02/1994,0.353,"WEC Energy Group, Inc. (WEC)"
08/12/2003,0.2,"WEC Energy Group, Inc. (WEC)"
05/13/2020,0.633,"WEC Energy Group, Inc. (WEC)"
08/10/2007,0.25,"WEC Energy Group, Inc. (WEC)"
08/10/1999,0.39,"WEC Energy Group, Inc. (WEC)"
11/12/2013,0.3825,"WEC Energy Group, Inc. (WEC)"
02/13/2018,0.5525,"WEC Energy Group, Inc. (WEC)"
05/11/2016,0.495,"WEC Energy Group, Inc. (WEC)"
02/02/1988,0.2401,"WEC Energy Group, Inc. (WEC)"
08/01/1990,0.2935,"WEC Energy Group, Inc. (WEC)"
11/11/1996,0.38,"WEC Energy Group, Inc. (WEC)"
02/12/2001,0.2,"WEC Energy Group, Inc. (WEC)"
02/12/2013,0.34,"WEC Energy Group, Inc. (WEC)"
08/10/2016,0.495,"WEC Energy Group, Inc. (WEC)"
11/09/2012,0.3,"WEC Energy Group, Inc. (WEC)"
02/10/2017,0.52,"WEC Energy Group, Inc. (WEC)"
11/09/2004,0.21,"WEC Energy Group, Inc. (WEC)"
11/01/1991,0.3102,"WEC Energy Group, Inc. (WEC)"
08/12/2008,0.27,"WEC Energy Group, Inc. (WEC)"
08/04/1995,0.368,"WEC Energy Group, Inc. (WEC)"
08/10/2012,0.3,"WEC Energy Group, Inc. (WEC)"
08/24/1994,0.635,"Dominion Energy, Inc. (D)"
11/24/1989,0.5536,"Dominion Energy, Inc. (D)"
11/29/2006,0.69,"Dominion Energy, Inc. (D)"
05/30/2007,0.71,"Dominion Energy, Inc. (D)"
03/02/2011,0.4925,"Dominion Energy, Inc. (D)"
02/25/1986,0.4736,"Dominion Energy, Inc. (D)"
11/22/1985,0.23667,"Dominion Energy, Inc. (D)"
11/27/2002,0.645,"Dominion Energy, Inc. (D)"
05/28/2003,0.645,"Dominion Energy, Inc. (D)"
02/23/1990,0.5536,"Dominion Energy, Inc. (D)"
08/29/2007,0.71,"Dominion Energy, Inc. (D)"
05/26/1999,0.645,"Dominion Energy, Inc. (D)"
02/27/2002,0.645,"Dominion Energy, Inc. (D)"
08/27/2003,0.645,"Dominion Energy, Inc. (D)"
06/01/2016,0.7,"Dominion Energy, Inc. (D)"
11/24/1993,0.635,"Dominion Energy, Inc. (D)"
08/29/1995,0.3225,"Dominion Energy, Inc. (D)"
08/25/1999,0.645,"Dominion Energy, Inc. (D)"
11/25/2014,0.6,"Dominion Energy, Inc. (D)"
05/26/1995,0.645,"Dominion Energy, Inc. (D)"
02/27/1998,0.645,"Dominion Energy, Inc. (D)"
05/30/2012,0.5275,"Dominion Energy, Inc. (D)"
08/31/2016,0.7,"Dominion Energy, Inc. (D)"
02/28/2019,0.9175,"Dominion Energy, Inc. (D)"
05/24/1989,0.5336,"Dominion Energy, Inc. (D)"
02/24/1995,0.645,"Dominion Energy, Inc. (D)"
05/31/2006,0.69,"Dominion Energy, Inc. (D)"
11/28/2007,0.395,"Dominion Energy, Inc. (D)"
02/29/2012,0.5275,"Dominion Energy, Inc. (D)"
05/24/1985,0.22667,"Dominion Energy, Inc. (D)"
05/29/2002,0.645,"Dominion Energy, Inc. (D)"
11/26/2003,0.645,"Dominion Energy, Inc. (D)"
08/25/1989,0.5336,"Dominion Energy, Inc. (D)"
02/22/1991,0.5736,"Dominion Energy, Inc. (D)"
08/30/2006,0.69,"Dominion Energy, Inc. (D)"
02/27/2008,0.395,"Dominion Energy, Inc. (D)"
05/27/1998,0.645,"Dominion Energy, Inc. (D)"
08/28/2002,0.645,"Dominion Energy, Inc. (D)"
02/26/2003,0.645,"Dominion Energy, Inc. (D)"
08/26/1998,0.645,"Dominion Energy, Inc. (D)"
11/25/1994,0.645,"Dominion Energy, Inc. (D)"
02/26/1999,0.645,"Dominion Energy, Inc. (D)"
11/30/2011,0.4925,"Dominion Energy, Inc. (D)"
03/02/2016,0.7,"Dominion Energy, Inc. (D)"
02/27/2020,0.94,"Dominion Energy, Inc. (D)"
05/24/1988,0.5136,"Dominion Energy, Inc. (D)"
08/29/1988,0.5136,"Dominion Energy, Inc. (D)"
02/25/1992,0.595,"Dominion Energy, Inc. (D)"
05/22/1992,0.595,"Dominion Energy, Inc. (D)"
11/26/2008,0.395,"Dominion Energy, Inc. (D)"
05/27/2009,0.4375,"Dominion Energy, Inc. (D)"
09/06/2018,0.835,"Dominion Energy, Inc. (D)"
11/24/2004,0.665,"Dominion Energy, Inc. (D)"
05/25/2005,0.67,"Dominion Energy, Inc. (D)"
02/25/2009,0.4375,"Dominion Energy, Inc. (D)"
08/26/2009,0.4375,"Dominion Energy, Inc. (D)"
11/28/1995,0.645,"Dominion Energy, Inc. (D)"
02/25/2004,0.645,"Dominion Energy, Inc. (D)"
08/24/2005,0.67,"Dominion Energy, Inc. (D)"
11/30/2016,0.7,"Dominion Energy, Inc. (D)"
05/28/2014,0.6,"Dominion Energy, Inc. (D)"
11/28/2012,0.5275,"Dominion Energy, Inc. (D)"
03/01/2017,0.755,"Dominion Energy, Inc. (D)"
05/26/1987,0.4936,"Dominion Energy, Inc. (D)"
12/06/2018,0.835,"Dominion Energy, Inc. (D)"
05/24/1991,0.5736,"Dominion Energy, Inc. (D)"
05/28/2008,0.395,"Dominion Energy, Inc. (D)"
11/25/2009,0.4375,"Dominion Energy, Inc. (D)"
02/26/2014,0.6,"Dominion Energy, Inc. (D)"
08/29/2012,0.5275,"Dominion Energy, Inc. (D)"
02/25/1985,0.22667,"Dominion Energy, Inc. (D)"
08/25/1987,0.4936,"Dominion Energy, Inc. (D)"
02/23/1989,0.5336,"Dominion Energy, Inc. (D)"
05/26/2004,0.645,"Dominion Energy, Inc. (D)"
11/23/2005,0.67,"Dominion Energy, Inc. (D)"
08/27/2008,0.395,"Dominion Energy, Inc. (D)"
02/24/2010,0.4575,"Dominion Energy, Inc. (D)"
11/26/1996,0.3225,"Dominion Energy, Inc. (D)"
05/24/2000,0.645,"Dominion Energy, Inc. (D)"
08/25/2004,0.645,"Dominion Energy, Inc. (D)"
02/23/2005,0.67,"Dominion Energy, Inc. (D)"
05/31/2017,0.755,"Dominion Energy, Inc. (D)"
11/28/1988,0.5336,"Dominion Energy, Inc. (D)"
08/23/2000,0.645,"Dominion Energy, Inc. (D)"
02/27/1997,0.645,"Dominion Energy, Inc. (D)"
08/30/2017,0.755,"Dominion Energy, Inc. (D)"
06/04/2020,0.94,"Dominion Energy, Inc. (D)"
08/27/1990,0.5536,"Dominion Energy, Inc. (D)"
12/05/2019,0.918,"Dominion Energy, Inc. (D)"
05/24/1990,0.5536,"Dominion Energy, Inc. (D)"
02/24/1994,0.635,"Dominion Energy, Inc. (D)"
11/24/2010,0.4575,"Dominion Energy, Inc. (D)"
05/25/2011,0.4925,"Dominion Energy, Inc. (D)"
02/25/2015,0.6475,"Dominion Energy, Inc. (D)"
08/26/2015,0.6475,"Dominion Energy, Inc. (D)"
08/25/1986,0.4736,"Dominion Energy, Inc. (D)"
05/22/1986,0.4736,"Dominion Energy, Inc. (D)"
08/24/2011,0.4925,"Dominion Energy, Inc. (D)"
11/25/1997,0.645,"Dominion Energy, Inc. (D)"
11/21/2001,0.645,"Dominion Energy, Inc. (D)"
02/22/2006,0.69,"Dominion Energy, Inc. (D)"
05/25/1995,0.3225,"Dominion Energy, Inc. (D)"
11/24/1986,0.4936,"Dominion Energy, Inc. (D)"
06/06/2019,0.9175,"Dominion Energy, Inc. (D)"
08/24/1993,0.615,"Dominion Energy, Inc. (D)"
05/26/2010,0.4575,"Dominion Energy, Inc. (D)"
08/27/2014,0.6,"Dominion Energy, Inc. (D)"
08/26/1985,0.22667,"Dominion Energy, Inc. (D)"
02/23/1987,0.4936,"Dominion Energy, Inc. (D)"
09/05/2019,0.918,"Dominion Energy, Inc. (D)"
08/25/2010,0.4575,"Dominion Energy, Inc. (D)"
11/24/1998,0.645,"Dominion Energy, Inc. (D)"
02/21/2007,0.71,"Dominion Energy, Inc. (D)"
11/26/1990,0.5736,"Dominion Energy, Inc. (D)"
05/24/1994,0.635,"Dominion Energy, Inc. (D)"
11/23/2015,0.6475,"Dominion Energy, Inc. (D)"
05/27/2015,0.6475,"Dominion Energy, Inc. (D)"
11/23/1987,0.5136,"Dominion Energy, Inc. (D)"
08/24/1992,0.595,"Dominion Energy, Inc. (D)"
02/26/2013,0.5625,"Dominion Energy, Inc. (D)"
11/30/2017,0.77,"Dominion Energy, Inc. (D)"
02/24/1988,0.5136,"Dominion Energy, Inc. (D)"
05/30/2001,0.645,"Dominion Energy, Inc. (D)"
11/23/1999,0.645,"Dominion Energy, Inc. (D)"
02/28/2000,0.645,"Dominion Energy, Inc. (D)"
11/29/1995,0.3225,"Dominion Energy, Inc. (D)"
05/28/1997,0.645,"Dominion Energy, Inc. (D)"
08/29/2001,0.645,"Dominion Energy, Inc. (D)"
05/31/2018,0.835,"Dominion Energy, Inc. (D)"
05/24/1993,0.615,"Dominion Energy, Inc. (D)"
11/25/1991,0.5936,"Dominion Energy, Inc. (D)"
02/28/1996,0.645,"Dominion Energy, Inc. (D)"
08/27/1997,0.645,"Dominion Energy, Inc. (D)"
08/26/1991,0.5736,"Dominion Energy, Inc. (D)"
02/24/1993,0.615,"Dominion Energy, Inc. (D)"
08/24/1995,0.645,"Dominion Energy, Inc. (D)"
11/23/1984,0.22667,"Dominion Energy, Inc. (D)"
03/01/2018,0.835,"Dominion Energy, Inc. (D)"
11/21/2000,0.645,"Dominion Energy, Inc. (D)"
05/29/1996,0.645,"Dominion Energy, Inc. (D)"
11/27/1996,0.645,"Dominion Energy, Inc. (D)"
02/28/2001,0.645,"Dominion Energy, Inc. (D)"
06/05/2013,0.5625,"Dominion Energy, Inc. (D)"
12/04/2013,0.5625,"Dominion Energy, Inc. (D)"
11/23/1992,0.615,"Dominion Energy, Inc. (D)"
08/28/1996,0.645,"Dominion Energy, Inc. (D)"
09/04/2013,0.5625,"Dominion Energy, Inc. (D)"
11/12/1997,0.55,Duke Energy Corporation (DUK)
05/13/1998,0.55,Duke Energy Corporation (DUK)
02/08/1985,0.27021,Duke Energy Corporation (DUK)
02/13/2002,0.472343,Duke Energy Corporation (DUK)
08/14/2002,0.275,Duke Energy Corporation (DUK)
11/15/2018,0.9275,Duke Energy Corporation (DUK)
05/16/2019,0.9275,Duke Energy Corporation (DUK)
02/11/1998,0.55,Duke Energy Corporation (DUK)
08/12/1998,0.55,Duke Energy Corporation (DUK)
05/18/2011,0.245,Duke Energy Corporation (DUK)
02/14/2019,0.9275,Duke Energy Corporation (DUK)
08/15/2019,0.945,Duke Energy Corporation (DUK)
11/10/2009,0.24,Duke Energy Corporation (DUK)
05/09/1994,0.47,Duke Energy Corporation (DUK)
11/14/2001,0.275,Duke Energy Corporation (DUK)
05/14/2003,0.275,Duke Energy Corporation (DUK)
08/15/2007,0.22,Duke Energy Corporation (DUK)
02/15/2006,0.31,Duke Energy Corporation (DUK)
02/08/1993,0.45,Duke Energy Corporation (DUK)
08/08/1994,0.49,Duke Energy Corporation (DUK)
05/14/1997,0.53,Duke Energy Corporation (DUK)
08/15/2001,0.275,Duke Energy Corporation (DUK)
02/12/2003,0.472343,Duke Energy Corporation (DUK)
11/04/1985,0.28329,Duke Energy Corporation (DUK)
08/08/1988,0.74,Duke Energy Corporation (DUK)
05/17/2018,0.89,Duke Energy Corporation (DUK)
11/14/2019,0.945,Duke Energy Corporation (DUK)
08/13/1997,0.55,Duke Energy Corporation (DUK)
02/10/1999,0.55,Duke Energy Corporation (DUK)
11/10/2015,0.825,Duke Energy Corporation (DUK)
05/19/2010,0.24,Duke Energy Corporation (DUK)
11/16/2011,0.25,Duke Energy Corporation (DUK)
08/16/2018,0.9275,Duke Energy Corporation (DUK)
02/13/2020,0.945,Duke Energy Corporation (DUK)
11/09/2010,0.245,Duke Energy Corporation (DUK)
11/15/2006,0.32,Duke Energy Corporation (DUK)
05/10/1993,0.45,Duke Energy Corporation (DUK)
05/15/2002,0.275,Duke Energy Corporation (DUK)
11/13/2002,0.275,Duke Energy Corporation (DUK)
02/14/2007,0.21,Duke Energy Corporation (DUK)
05/08/1989,0.74,Duke Energy Corporation (DUK)
08/09/1993,0.47,Duke Energy Corporation (DUK)
02/07/1994,0.47,Duke Energy Corporation (DUK)
05/10/2000,0.55,Duke Energy Corporation (DUK)
02/11/2004,0.275,Duke Energy Corporation (DUK)
08/11/2004,0.275,Duke Energy Corporation (DUK)
11/16/2016,0.855,Duke Energy Corporation (DUK)
05/17/2017,0.855,Duke Energy Corporation (DUK)
08/15/1983,0.25714,Duke Energy Corporation (DUK)
02/09/2000,0.55,Duke Energy Corporation (DUK)
08/09/2000,0.55,Duke Energy Corporation (DUK)
11/14/2012,0.765,Duke Energy Corporation (DUK)
05/15/2013,0.765,Duke Energy Corporation (DUK)
02/15/2017,0.855,Duke Energy Corporation (DUK)
08/16/2017,0.89,Duke Energy Corporation (DUK)
11/09/1990,0.41,Duke Energy Corporation (DUK)
11/14/2007,0.22,Duke Energy Corporation (DUK)
02/15/2012,0.25,Duke Energy Corporation (DUK)
08/14/2013,0.78,Duke Energy Corporation (DUK)
11/07/1986,0.67,Duke Energy Corporation (DUK)
11/12/2003,0.275,Duke Energy Corporation (DUK)
05/11/2005,0.275,Duke Energy Corporation (DUK)
02/13/2008,0.22,Duke Energy Corporation (DUK)
08/12/2009,0.24,Duke Energy Corporation (DUK)
05/14/1984,0.25714,Duke Energy Corporation (DUK)
05/12/1999,0.55,Duke Energy Corporation (DUK)
08/13/2003,0.275,Duke Energy Corporation (DUK)
02/09/2005,0.275,Duke Energy Corporation (DUK)
05/18/2016,0.825,Duke Energy Corporation (DUK)
05/14/2020,0.945,Duke Energy Corporation (DUK)
08/11/1999,0.55,Duke Energy Corporation (DUK)
05/16/2012,0.25,Duke Energy Corporation (DUK)
11/13/2013,0.78,Duke Energy Corporation (DUK)
08/13/2020,0.965,Duke Energy Corporation (DUK)
11/08/1991,0.43,Duke Energy Corporation (DUK)
11/12/2008,0.23,Duke Energy Corporation (DUK)
08/15/2012,0.765,Duke Energy Corporation (DUK)
02/13/2013,0.765,Duke Energy Corporation (DUK)
05/08/1995,0.49,Duke Energy Corporation (DUK)
11/06/1987,0.7,Duke Energy Corporation (DUK)
05/12/2004,0.275,Duke Energy Corporation (DUK)
08/13/2008,0.23,Duke Energy Corporation (DUK)
02/11/2009,0.23,Duke Energy Corporation (DUK)
05/16/1983,0.24842,Duke Energy Corporation (DUK)
11/02/1984,0.27021,Duke Energy Corporation (DUK)
08/09/2006,0.32,Duke Energy Corporation (DUK)
08/12/1985,0.27021,Duke Energy Corporation (DUK)
11/12/2014,0.795,Duke Energy Corporation (DUK)
05/13/2015,0.795,Duke Energy Corporation (DUK)
11/06/1992,0.45,Duke Energy Corporation (DUK)
02/12/2014,0.78,Duke Energy Corporation (DUK)
08/12/2015,0.825,Duke Energy Corporation (DUK)
11/14/1988,0.74,Duke Energy Corporation (DUK)
05/14/1990,0.78,Duke Energy Corporation (DUK)
05/09/2007,0.21,Duke Energy Corporation (DUK)
11/09/2005,0.31,Duke Energy Corporation (DUK)
02/10/2010,0.24,Duke Energy Corporation (DUK)
08/10/2011,0.25,Duke Energy Corporation (DUK)
05/12/1986,0.65,Duke Energy Corporation (DUK)
02/13/1989,0.74,Duke Energy Corporation (DUK)
08/13/1990,0.82,Duke Energy Corporation (DUK)
11/10/1998,0.55,Duke Energy Corporation (DUK)
05/09/2001,0.275,Duke Energy Corporation (DUK)
08/10/2005,0.31,Duke Energy Corporation (DUK)
08/13/1984,0.27021,Duke Energy Corporation (DUK)
05/14/2014,0.78,Duke Energy Corporation (DUK)
11/11/2015,0.825,Duke Energy Corporation (DUK)
11/14/1994,0.49,Duke Energy Corporation (DUK)
11/05/1993,0.47,Duke Energy Corporation (DUK)
08/13/2014,0.795,Duke Energy Corporation (DUK)
02/11/2015,0.795,Duke Energy Corporation (DUK)
11/13/1989,0.78,Duke Energy Corporation (DUK)
05/10/2006,0.31,Duke Energy Corporation (DUK)
08/11/2010,0.245,Duke Energy Corporation (DUK)
02/09/2011,0.245,Duke Energy Corporation (DUK)
02/14/1986,0.65,Duke Energy Corporation (DUK)
05/13/1985,0.27021,Duke Energy Corporation (DUK)
08/14/1989,0.78,Duke Energy Corporation (DUK)
02/12/1990,0.78,Duke Energy Corporation (DUK)
11/09/1999,0.55,Duke Energy Corporation (DUK)
11/15/1995,0.51,Duke Energy Corporation (DUK)
05/15/1996,0.51,Duke Energy Corporation (DUK)
02/09/1987,0.67,Duke Energy Corporation (DUK)
08/10/1987,0.7,Duke Energy Corporation (DUK)
02/14/1996,0.51,Duke Energy Corporation (DUK)
08/14/1996,0.53,Duke Energy Corporation (DUK)
02/10/2016,0.825,Duke Energy Corporation (DUK)
05/14/2009,0.23,Duke Energy Corporation (DUK)
05/11/1992,0.43,Duke Energy Corporation (DUK)
02/13/1995,0.49,Duke Energy Corporation (DUK)
05/09/1988,0.7,Duke Energy Corporation (DUK)
02/11/1991,0.41,Duke Energy Corporation (DUK)
08/10/1992,0.45,Duke Energy Corporation (DUK)
11/13/1996,0.53,Duke Energy Corporation (DUK)
02/10/1984,0.25714,Duke Energy Corporation (DUK)
02/14/2001,0.275,Duke Energy Corporation (DUK)
08/11/1986,0.67,Duke Energy Corporation (DUK)
02/08/1988,0.7,Duke Energy Corporation (DUK)
11/16/2017,0.89,Duke Energy Corporation (DUK)
08/16/1995,0.51,Duke Energy Corporation (DUK)
02/12/1997,0.53,Duke Energy Corporation (DUK)
02/15/2018,0.89,Duke Energy Corporation (DUK)
11/03/1983,0.25714,Duke Energy Corporation (DUK)
05/15/1995,0.49,Duke Energy Corporation (DUK)
08/10/2016,0.855,Duke Energy Corporation (DUK)
05/15/2008,0.22,Duke Energy Corporation (DUK)
05/13/1991,0.41,Duke Energy Corporation (DUK)
11/09/2004,0.275,Duke Energy Corporation (DUK)
11/15/2000,0.55,Duke Energy Corporation (DUK)
05/11/1987,0.67,Duke Energy Corporation (DUK)
08/12/1991,0.43,Duke Energy Corporation (DUK)
02/10/1992,0.43,Duke Energy Corporation (DUK)
11/18/2014,0.31,Microsoft Corporation (MSFT)
05/19/2015,0.31,Microsoft Corporation (MSFT)
11/14/2018,0.46,Microsoft Corporation (MSFT)
05/15/2019,0.46,Microsoft Corporation (MSFT)
02/20/2019,0.46,Microsoft Corporation (MSFT)
11/16/2010,0.16,Microsoft Corporation (MSFT)
05/17/2011,0.16,Microsoft Corporation (MSFT)
02/17/2015,0.31,Microsoft Corporation (MSFT)
08/18/2015,0.31,Microsoft Corporation (MSFT)
08/14/2019,0.46,Microsoft Corporation (MSFT)
11/15/2005,0.08,Microsoft Corporation (MSFT)
05/15/2007,0.1,Microsoft Corporation (MSFT)
02/16/2010,0.13,Microsoft Corporation (MSFT)
08/16/2011,0.16,Microsoft Corporation (MSFT)
08/14/2007,0.1,Microsoft Corporation (MSFT)
02/15/2006,0.09,Microsoft Corporation (MSFT)
05/20/2020,0.51,Microsoft Corporation (MSFT)
11/17/2015,0.36,Microsoft Corporation (MSFT)
05/16/2018,0.42,Microsoft Corporation (MSFT)
02/19/2020,0.51,Microsoft Corporation (MSFT)
05/18/2010,0.13,Microsoft Corporation (MSFT)
11/15/2011,0.2,Microsoft Corporation (MSFT)
05/13/2014,0.28,Microsoft Corporation (MSFT)
08/19/2014,0.28,Microsoft Corporation (MSFT)
02/16/2016,0.36,Microsoft Corporation (MSFT)
08/15/2018,0.42,Microsoft Corporation (MSFT)
05/15/2006,0.09,Microsoft Corporation (MSFT)
11/14/2006,0.1,Microsoft Corporation (MSFT)
08/17/2010,0.13,Microsoft Corporation (MSFT)
02/15/2011,0.16,Microsoft Corporation (MSFT)
08/15/2006,0.09,Microsoft Corporation (MSFT)
02/13/2007,0.1,Microsoft Corporation (MSFT)
02/19/2003,0.08,Microsoft Corporation (MSFT)
11/20/2019,0.51,Microsoft Corporation (MSFT)
05/16/2017,0.39,Microsoft Corporation (MSFT)
11/15/2016,0.39,Microsoft Corporation (MSFT)
11/18/2008,0.13,Microsoft Corporation (MSFT)
05/19/2009,0.13,Microsoft Corporation (MSFT)
11/13/2012,0.23,Microsoft Corporation (MSFT)
05/14/2013,0.23,Microsoft Corporation (MSFT)
08/15/2017,0.39,Microsoft Corporation (MSFT)
02/19/2013,0.23,Microsoft Corporation (MSFT)
02/14/2017,0.39,Microsoft Corporation (MSFT)
05/16/2005,0.08,Microsoft Corporation (MSFT)
11/13/2007,0.11,Microsoft Corporation (MSFT)
02/19/2008,0.11,Microsoft Corporation (MSFT)
08/18/2009,0.13,Microsoft Corporation (MSFT)
02/14/2012,0.2,Microsoft Corporation (MSFT)
08/13/2013,0.23,Microsoft Corporation (MSFT)
10/15/2003,0.16,Microsoft Corporation (MSFT)
08/15/2005,0.08,Microsoft Corporation (MSFT)
11/19/2013,0.28,Microsoft Corporation (MSFT)
05/17/2016,0.36,Microsoft Corporation (MSFT)
11/15/2017,0.42,Microsoft Corporation (MSFT)
11/17/2009,0.13,Microsoft Corporation (MSFT)
05/15/2012,0.2,Microsoft Corporation (MSFT)
02/18/2014,0.28,Microsoft Corporation (MSFT)
08/16/2016,0.36,Microsoft Corporation (MSFT)
02/14/2018,0.42,Microsoft Corporation (MSFT)
11/15/2004,3.08,Microsoft Corporation (MSFT)
08/23/2004,0.08,Microsoft Corporation (MSFT)
05/13/2008,0.11,Microsoft Corporation (MSFT)
08/19/2008,0.11,Microsoft Corporation (MSFT)
02/17/2009,0.13,Microsoft Corporation (MSFT)
08/14/2012,0.2,Microsoft Corporation (MSFT)
02/15/2005,0.08,Microsoft Corporation (MSFT)
11/19/1993,0.00429,Apple Inc. (AAPL)
11/17/1989,0.00393,Apple Inc. (AAPL)
11/08/2018,0.73,Apple Inc. (AAPL)
05/10/2019,0.77,Apple Inc. (AAPL)
05/21/1990,0.00393,Apple Inc. (AAPL)
11/06/2013,0.43571,Apple Inc. (AAPL)
02/12/1993,0.00429,Apple Inc. (AAPL)
05/07/2015,0.52,Apple Inc. (AAPL)
02/17/1989,0.00357,Apple Inc. (AAPL)
02/09/2018,0.63,Apple Inc. (AAPL)
08/09/2019,0.77,Apple Inc. (AAPL)
08/20/1990,0.00393,Apple Inc. (AAPL)
08/15/1994,0.00429,Apple Inc. (AAPL)
02/06/2014,0.43571,Apple Inc. (AAPL)
08/06/2015,0.52,Apple Inc. (AAPL)
05/26/1995,0.00429,Apple Inc. (AAPL)
05/22/1989,0.00357,Apple Inc. (AAPL)
11/18/1994,0.00429,Apple Inc. (AAPL)
08/21/1989,0.00357,Apple Inc. (AAPL)
11/16/1990,0.00429,Apple Inc. (AAPL)
11/07/2019,0.77,Apple Inc. (AAPL)
05/11/2018,0.73,Apple Inc. (AAPL)
05/08/2014,0.47,Apple Inc. (AAPL)
11/06/2014,0.47,Apple Inc. (AAPL)
02/16/1990,0.00393,Apple Inc. (AAPL)
08/10/2018,0.73,Apple Inc. (AAPL)
02/08/2019,0.73,Apple Inc. (AAPL)
08/16/1993,0.00429,Apple Inc. (AAPL)
08/07/2014,0.47,Apple Inc. (AAPL)
02/05/2015,0.47,Apple Inc. (AAPL)
05/27/1994,0.00429,Apple Inc. (AAPL)
02/07/1994,0.00429,Apple Inc. (AAPL)
11/03/2016,0.57,Apple Inc. (AAPL)
08/10/1987,0.00214,Apple Inc. (AAPL)
11/17/1987,0.00286,Apple Inc. (AAPL)
05/11/2017,0.63,Apple Inc. (AAPL)
11/18/1991,0.00429,Apple Inc. (AAPL)
02/15/1991,0.00429,Apple Inc. (AAPL)
05/09/2013,0.43571,Apple Inc. (AAPL)
11/05/2015,0.52,Apple Inc. (AAPL)
08/10/2017,0.63,Apple Inc. (AAPL)
02/07/2020,0.77,Apple Inc. (AAPL)
05/16/1988,0.00286,Apple Inc. (AAPL)
08/17/1992,0.00429,Apple Inc. (AAPL)
02/13/1995,0.00429,Apple Inc. (AAPL)
11/21/1995,0.00429,Apple Inc. (AAPL)
08/08/2013,0.43571,Apple Inc. (AAPL)
02/04/2016,0.52,Apple Inc. (AAPL)
08/15/1988,0.00286,Apple Inc. (AAPL)
05/28/1993,0.00429,Apple Inc. (AAPL)
11/21/1988,0.00357,Apple Inc. (AAPL)
08/16/1995,0.00429,Apple Inc. (AAPL)
11/10/2017,0.63,Apple Inc. (AAPL)
05/08/2020,0.82,Apple Inc. (AAPL)
05/20/1991,0.00429,Apple Inc. (AAPL)
06/01/1992,0.00429,Apple Inc. (AAPL)
11/30/1992,0.00429,Apple Inc. (AAPL)
11/07/2012,0.37857,Apple Inc. (AAPL)
02/14/1992,0.00429,Apple Inc. (AAPL)
05/05/2016,0.57,Apple Inc. (AAPL)
02/09/2017,0.57,Apple Inc. (AAPL)
08/07/2020,0.82,Apple Inc. (AAPL)
08/19/1991,0.00429,Apple Inc. (AAPL)
02/12/1988,0.00286,Apple Inc. (AAPL)
08/09/2012,0.37857,Apple Inc. (AAPL)
02/07/2013,0.37857,Apple Inc. (AAPL)
08/04/2016,0.57,Apple Inc. (AAPL)
05/11/1987,0.00214,Apple Inc. (AAPL)
05/03/2006,0.1,Intel Corporation (INTC)
02/03/2010,0.158,Intel Corporation (INTC)
08/04/2010,0.158,Intel Corporation (INTC)
04/26/1993,0.00313,Intel Corporation (INTC)
10/26/1992,0.00313,Intel Corporation (INTC)
01/29/1997,0.00625,Intel Corporation (INTC)
07/30/1997,0.0075,Intel Corporation (INTC)
05/06/2019,0.315,Intel Corporation (INTC)
11/03/2010,0.158,Intel Corporation (INTC)
05/03/2002,0.02,Intel Corporation (INTC)
07/26/1993,0.00313,Intel Corporation (INTC)
02/03/2006,0.1,Intel Corporation (INTC)
11/04/2009,0.14,Intel Corporation (INTC)
05/04/2011,0.181,Intel Corporation (INTC)
02/05/2014,0.225,Intel Corporation (INTC)
08/05/2015,0.24,Intel Corporation (INTC)
10/30/1996,0.00625,Intel Corporation (INTC)
04/29/1998,0.0075,Intel Corporation (INTC)
05/04/2005,0.08,Intel Corporation (INTC)
08/05/2009,0.14,Intel Corporation (INTC)
11/03/2006,0.1,Intel Corporation (INTC)
01/28/1998,0.0075,Intel Corporation (INTC)
08/05/2013,0.225,Intel Corporation (INTC)
08/03/2005,0.08,Intel Corporation (INTC)
11/06/2019,0.315,Intel Corporation (INTC)
01/26/1994,0.00313,Intel Corporation (INTC)
11/05/2002,0.02,Intel Corporation (INTC)
08/06/2018,0.3,Intel Corporation (INTC)
08/03/2001,0.02,Intel Corporation (INTC)
11/05/2014,0.225,Intel Corporation (INTC)
02/06/2019,0.315,Intel Corporation (INTC)
02/05/2002,0.02,Intel Corporation (INTC)
05/05/2010,0.158,Intel Corporation (INTC)
02/04/2015,0.24,Intel Corporation (INTC)
10/29/1997,0.0075,Intel Corporation (INTC)
05/05/2014,0.225,Intel Corporation (INTC)
07/28/1995,0.005,Intel Corporation (INTC)
02/05/2008,0.128,Intel Corporation (INTC)
08/05/2008,0.14,Intel Corporation (INTC)
02/03/2012,0.21,Intel Corporation (INTC)
08/03/2012,0.225,Intel Corporation (INTC)
08/03/2000,0.02,Intel Corporation (INTC)
05/03/2017,0.273,Intel Corporation (INTC)
11/04/2015,0.24,Intel Corporation (INTC)
05/05/2009,0.14,Intel Corporation (INTC)
02/03/2016,0.26,Intel Corporation (INTC)
05/03/2013,0.225,Intel Corporation (INTC)
08/03/2011,0.21,Intel Corporation (INTC)
04/25/1994,0.00313,Intel Corporation (INTC)
01/30/1996,0.005,Intel Corporation (INTC)
02/03/2005,0.08,Intel Corporation (INTC)
05/06/2020,0.33,Intel Corporation (INTC)
08/03/2007,0.113,Intel Corporation (INTC)
02/03/2000,0.015,Intel Corporation (INTC)
05/04/2016,0.26,Intel Corporation (INTC)
10/26/1994,0.00375,Intel Corporation (INTC)
08/05/2003,0.02,Intel Corporation (INTC)
02/05/2013,0.225,Intel Corporation (INTC)
08/03/2016,0.26,Intel Corporation (INTC)
02/03/2017,0.26,Intel Corporation (INTC)
11/03/2005,0.08,Intel Corporation (INTC)
08/03/2006,0.1,Intel Corporation (INTC)
11/06/2018,0.3,Intel Corporation (INTC)
01/26/1993,0.00313,Intel Corporation (INTC)
11/05/2001,0.02,Intel Corporation (INTC)
08/05/1998,0.0075,Intel Corporation (INTC)
05/05/2015,0.24,Intel Corporation (INTC)
11/05/2013,0.225,Intel Corporation (INTC)
02/06/2018,0.3,Intel Corporation (INTC)
08/06/2019,0.315,Intel Corporation (INTC)
10/26/1993,0.00313,Intel Corporation (INTC)
02/05/2001,0.02,Intel Corporation (INTC)
08/05/2002,0.02,Intel Corporation (INTC)
02/03/2011,0.181,Intel Corporation (INTC)
07/30/1996,0.00625,Intel Corporation (INTC)
11/04/1998,0.01,Intel Corporation (INTC)
05/03/2001,0.02,Intel Corporation (INTC)
02/05/2003,0.02,Intel Corporation (INTC)
02/05/2007,0.113,Intel Corporation (INTC)
05/04/2018,0.3,Intel Corporation (INTC)
08/05/2014,0.225,Intel Corporation (INTC)
04/29/1997,0.00625,Intel Corporation (INTC)
05/05/2004,0.04,Intel Corporation (INTC)
11/05/2003,0.02,Intel Corporation (INTC)
11/03/2016,0.26,Intel Corporation (INTC)
04/25/1995,0.00375,Intel Corporation (INTC)
11/05/2007,0.113,Intel Corporation (INTC)
05/05/2008,0.14,Intel Corporation (INTC)
11/03/1999,0.015,Intel Corporation (INTC)
05/03/2000,0.015,Intel Corporation (INTC)
08/04/2004,0.04,Intel Corporation (INTC)
02/04/2004,0.04,Intel Corporation (INTC)
01/26/1995,0.00375,Intel Corporation (INTC)
02/03/1999,0.015,Intel Corporation (INTC)
02/06/2020,0.33,Intel Corporation (INTC)
08/03/2017,0.273,Intel Corporation (INTC)
04/29/1996,0.005,Intel Corporation (INTC)
11/03/2004,0.04,Intel Corporation (INTC)
05/03/2007,0.113,Intel Corporation (INTC)
02/04/2009,0.14,Intel Corporation (INTC)
05/05/1999,0.015,Intel Corporation (INTC)
11/06/2017,0.273,Intel Corporation (INTC)
11/03/2000,0.02,Intel Corporation (INTC)
11/03/2011,0.21,Intel Corporation (INTC)
07/26/1994,0.00375,Intel Corporation (INTC)
05/05/2003,0.02,Intel Corporation (INTC)
08/04/1999,0.015,Intel Corporation (INTC)
08/06/2020,0.33,Intel Corporation (INTC)
11/05/2008,0.14,Intel Corporation (INTC)
05/03/2012,0.21,Intel Corporation (INTC)
10/30/1995,0.005,Intel Corporation (INTC)
11/05/2012,0.225,Intel Corporation (INTC)
